,id,age,sex,race,hispanic,household_size,household_tenure
0,1,4,f,Total!!Population of one race!!White alone,0,4,Rent
1,2,44,m,Total!!Population of one race!!White alone,0,1,Own
2,3,15,f,Total!!Population of one race!!White alone,0,2,Own
3,4,66,m,Total!!Population of one race!!White alone,0,2,Own
4,5,39,f,Total!!Population of one race!!White alone,0,3,Own
5,6,11,m,Total!!Population of one race!!White alone,0,2,Own
6,7,60,m,Total!!Population of one race!!White alone,0,3,Own
7,8,24,f,Total!!Population of one race!!White alone,0,2,Rent
8,9,24,m,Total!!Population of one race!!White alone,0,4,Rent
9,10,11,m,Total!!Population of one race!!White alone,0,4,Own
10,11,23,f,Total!!Population of one race!!White alone,0,4,Own
11,12,84,f,Total!!Population of one race!!White alone,0,4,Own
12,13,64,m,Total!!Population of one race!!White alone,0,2,Rent
13,14,27,m,Total!!Population of one race!!White alone,0,2,Rent
14,15,60,m,Total!!Population of one race!!White alone,0,4,Rent
15,16,51,f,Total!!Population of one race!!White alone,0,4,Own
16,17,59,f,Total!!Population of one race!!White alone,0,4,Own
17,18,51,m,Total!!Population of one race!!White alone,0,2,Own
18,19,57,m,Total!!Population of one race!!White alone,0,4,Rent
19,20,48,m,Total!!Population of one race!!White alone,0,2,Rent
20,21,11,m,Total!!Population of one race!!White alone,0,4,Own
21,22,11,f,Total!!Population of one race!!White alone,0,2,Own
22,23,11,f,Total!!Population of one race!!White alone,0,3,Own
23,24,38,m,Total!!Population of one race!!White alone,0,4,Rent
24,25,38,f,Total!!Population of one race!!White alone,0,4,Own
25,26,46,m,Total!!Population of one race!!White alone,0,4,Own
26,27,57,m,Total!!Population of one race!!White alone,0,1,Own
27,28,64,m,Total!!Population of one race!!White alone,0,4,Own
28,29,31,f,Total!!Population of one race!!White alone,0,2,Rent
29,30,41,f,Total!!Population of one race!!White alone,1,1,Own
30,31,40,m,Total!!Population of one race!!White alone,0,2,Rent
31,32,29,m,Total!!Population of one race!!White alone,0,4,Rent
32,33,22,f,Total!!Population of one race!!White alone,0,3,Rent
33,34,35,f,Total!!Population of one race!!White alone,0,2,Own
34,35,63,f,Total!!Population of one race!!White alone,0,4,Own
35,36,15,m,Total!!Population of one race!!White alone,0,2,Own
36,37,16,f,Total!!Population of one race!!White alone,0,2,Own
37,38,40,m,Total!!Population of one race!!White alone,0,2,Own
38,39,12,f,Total!!Population of one race!!White alone,0,4,Own
39,40,43,f,Total!!Population of one race!!White alone,0,4,Own
40,41,63,f,Total!!Population of one race!!White alone,0,4,Rent
41,42,15,m,Total!!Population of one race!!White alone,0,4,Own
42,43,33,m,Total!!Population of one race!!White alone,0,2,Own
43,44,22,f,Total!!Population of one race!!White alone,0,3,Own
44,45,31,f,Total!!Population of one race!!White alone,0,4,Rent
45,46,4,f,Total!!Population of one race!!White alone,0,3,Rent
46,47,30,m,Total!!Population of one race!!White alone,0,4,Own
47,48,48,m,Total!!Population of one race!!White alone,0,4,Own
48,49,13,f,Total!!Population of one race!!White alone,0,4,Own
49,50,38,f,Total!!Population of one race!!White alone,0,2,Own
50,51,6,f,Total!!Population of one race!!White alone,0,3,Own
51,52,47,m,Total!!Population of one race!!White alone,0,2,Own
52,53,42,m,Total!!Population of one race!!White alone,0,4,Own
53,54,82,f,Total!!Population of one race!!White alone,0,2,Own
54,55,37,m,Total!!Population of one race!!White alone,0,3,Own
55,56,28,m,Total!!Population of one race!!White alone,0,2,Own
56,57,11,f,Total!!Population of one race!!White alone,0,4,Own
57,58,81,f,Total!!Population of one race!!White alone,0,2,Own
58,59,34,m,Total!!Population of one race!!White alone,0,4,Own
59,60,87,m,Total!!Population of one race!!White alone,0,4,Rent
60,61,37,f,Total!!Population of one race!!White alone,0,4,Rent
61,62,48,f,Total!!Population of one race!!White alone,0,2,Own
62,63,23,f,Total!!Population of one race!!White alone,0,3,Rent
63,64,31,m,Total!!Population of one race!!White alone,0,4,Own
64,65,42,m,Total!!Population of one race!!White alone,0,4,Own
65,66,63,m,Total!!Population of one race!!White alone,0,4,Own
66,67,30,m,Total!!Population of one race!!White alone,1,2,Own
67,68,0,m,Total!!Population of one race!!White alone,0,3,Own
68,69,12,m,Total!!Population of one race!!White alone,0,3,Rent
69,70,25,m,Total!!Population of one race!!White alone,0,2,Own
70,71,59,m,Total!!Population of one race!!White alone,0,4,Own
71,72,4,f,Total!!Population of one race!!White alone,0,1,Own
72,73,28,m,Total!!Population of one race!!White alone,0,2,Own
73,74,34,f,Total!!Population of one race!!White alone,0,4,Rent
74,75,43,m,Total!!Population of one race!!White alone,1,4,Own
75,76,42,m,Total!!Population of one race!!White alone,0,4,Rent
76,77,40,m,Total!!Population of one race!!White alone,0,2,Own
77,78,20,m,Total!!Population of one race!!White alone,0,4,Rent
78,79,46,f,Total!!Population of one race!!White alone,0,3,Own
79,80,73,f,Total!!Population of one race!!White alone,0,2,Own
80,81,1,m,Total!!Population of one race!!White alone,0,4,Own
81,82,50,m,Total!!Population of one race!!White alone,0,4,Rent
82,83,69,m,Total!!Population of one race!!White alone,0,4,Rent
83,84,17,m,Total!!Population of one race!!White alone,0,1,Own
84,85,29,m,Total!!Population of one race!!White alone,0,4,Rent
85,86,1,m,Total!!Population of one race!!White alone,0,2,Own
86,87,84,f,Total!!Population of one race!!White alone,0,4,Own
87,88,7,f,Total!!Population of one race!!White alone,0,2,Own
88,89,87,m,Total!!Population of one race!!White alone,0,4,Own
89,90,56,f,Total!!Population of one race!!White alone,0,1,Rent
90,91,59,m,Total!!Population of one race!!White alone,0,2,Own
91,92,4,m,Total!!Population of one race!!White alone,0,2,Own
92,93,43,f,Total!!Population of one race!!White alone,0,4,Rent
93,94,40,m,Total!!Population of one race!!White alone,0,4,Own
94,95,36,f,Total!!Population of one race!!White alone,0,4,Own
95,96,31,f,Total!!Population of one race!!White alone,0,2,Rent
96,97,59,f,Total!!Population of one race!!White alone,0,3,Rent
97,98,23,f,Total!!Population of one race!!White alone,0,4,Rent
98,99,44,f,Total!!Population of one race!!White alone,0,4,Own
99,100,51,m,Total!!Population of one race!!White alone,0,4,Own
100,101,29,m,Total!!Population of one race!!White alone,0,1,Own
101,102,11,f,Total!!Population of one race!!White alone,0,2,Own
102,103,59,m,Total!!Population of one race!!White alone,0,4,Rent
103,104,74,m,Total!!Population of one race!!White alone,0,4,Rent
104,105,3,m,Total!!Population of one race!!White alone,0,2,Own
105,106,41,m,Total!!Population of one race!!White alone,0,1,Own
106,107,51,f,Total!!Population of one race!!White alone,0,3,Rent
107,108,25,m,Total!!Population of one race!!White alone,0,4,Rent
108,109,4,m,Total!!Population of one race!!White alone,0,4,Own
109,110,34,m,Total!!Population of one race!!White alone,0,2,Own
110,111,54,f,Total!!Population of one race!!White alone,0,2,Own
111,112,20,f,Total!!Population of one race!!White alone,0,4,Own
112,113,26,f,Total!!Population of one race!!White alone,0,4,Own
113,114,39,f,Total!!Population of one race!!White alone,0,1,Rent
114,115,45,m,Total!!Population of one race!!White alone,0,2,Rent
115,116,31,m,Total!!Population of one race!!White alone,1,4,Own
116,117,64,f,Total!!Population of one race!!White alone,0,3,Rent
117,118,31,m,Total!!Population of one race!!White alone,0,2,Own
118,119,45,f,Total!!Population of one race!!White alone,0,2,Own
119,120,24,m,Total!!Population of one race!!White alone,0,2,Own
120,121,37,f,Total!!Population of one race!!White alone,0,2,Rent
121,122,33,m,Total!!Population of one race!!White alone,0,2,Own
122,123,51,f,Total!!Population of one race!!White alone,0,2,Own
123,124,60,m,Total!!Population of one race!!White alone,0,2,Own
124,125,29,f,Total!!Population of one race!!White alone,0,3,Rent
125,126,13,m,Total!!Population of one race!!White alone,1,4,Own
126,127,2,f,Total!!Population of one race!!White alone,0,3,Own
127,128,4,m,Total!!Population of one race!!White alone,0,2,Own
128,129,24,m,Total!!Population of one race!!White alone,0,4,Own
129,130,38,f,Total!!Population of one race!!White alone,0,2,Own
130,131,86,f,Total!!Population of one race!!White alone,0,4,Own
131,132,42,f,Total!!Population of one race!!White alone,0,2,Rent
132,133,86,f,Total!!Population of one race!!White alone,0,2,Own
133,134,16,f,Total!!Population of one race!!White alone,0,4,Rent
134,135,60,f,Total!!Population of one race!!White alone,0,4,Own
135,136,31,m,Total!!Population of one race!!White alone,0,3,Own
136,137,37,f,Total!!Population of one race!!White alone,0,4,Own
137,138,84,m,Total!!Population of one race!!White alone,0,4,Own
138,139,46,f,Total!!Population of one race!!White alone,0,4,Own
139,140,5,f,Total!!Population of one race!!White alone,0,3,Own
140,141,7,m,Total!!Population of one race!!White alone,0,2,Own
141,142,54,m,Total!!Population of one race!!White alone,0,4,Own
142,143,12,m,Total!!Population of one race!!White alone,0,2,Rent
143,144,41,m,Total!!Population of one race!!White alone,0,2,Own
144,145,51,f,Total!!Population of one race!!White alone,0,4,Rent
145,146,7,m,Total!!Population of one race!!White alone,0,4,Own
146,147,8,f,Total!!Population of one race!!White alone,0,2,Own
147,148,56,f,Total!!Population of one race!!White alone,0,2,Own
148,149,10,m,Total!!Population of one race!!White alone,0,2,Own
149,150,30,m,Total!!Population of one race!!White alone,0,2,Rent
150,151,43,m,Total!!Population of one race!!White alone,0,4,Own
151,152,35,f,Total!!Population of one race!!White alone,0,4,Own
152,153,26,m,Total!!Population of one race!!White alone,0,4,Own
153,154,43,f,Total!!Population of one race!!White alone,0,3,Own
154,155,48,m,Total!!Population of one race!!White alone,0,4,Own
155,156,41,f,Total!!Population of one race!!White alone,0,4,Rent
156,157,0,m,Total!!Population of one race!!White alone,0,4,Own
157,158,57,m,Total!!Population of one race!!White alone,0,4,Own
158,159,43,m,Total!!Population of one race!!White alone,0,2,Rent
159,160,56,m,Total!!Population of one race!!White alone,0,2,Own
160,161,24,f,Total!!Population of one race!!White alone,0,4,Own
161,162,56,f,Total!!Population of one race!!White alone,0,4,Rent
162,163,13,m,Total!!Population of one race!!White alone,0,4,Own
163,164,54,m,Total!!Population of one race!!White alone,0,4,Own
164,165,54,f,Total!!Population of one race!!White alone,0,4,Rent
165,166,43,m,Total!!Population of one race!!White alone,0,2,Rent
166,167,59,m,Total!!Population of one race!!White alone,0,4,Own
167,168,1,f,Total!!Population of one race!!White alone,0,2,Rent
168,169,28,m,Total!!Population of one race!!White alone,0,1,Own
169,170,4,m,Total!!Population of one race!!White alone,0,1,Rent
170,171,77,m,Total!!Population of one race!!White alone,0,3,Own
171,172,33,m,Total!!Population of one race!!White alone,0,1,Own
172,173,33,f,Total!!Population of one race!!White alone,0,4,Rent
173,174,66,f,Total!!Population of one race!!White alone,0,3,Own
174,175,38,m,Total!!Population of one race!!White alone,0,4,Own
175,176,38,m,Total!!Population of one race!!White alone,0,4,Own
176,177,36,f,Total!!Population of one race!!White alone,0,4,Own
177,178,40,m,Total!!Population of one race!!White alone,0,2,Rent
178,179,77,f,Total!!Population of one race!!White alone,0,3,Own
179,180,41,f,Total!!Population of one race!!White alone,0,4,Own
180,181,48,m,Total!!Population of one race!!White alone,0,4,Own
181,182,70,f,Total!!Population of one race!!White alone,0,4,Own
182,183,73,f,Total!!Population of one race!!White alone,0,2,Rent
183,184,34,f,Total!!Population of one race!!White alone,0,4,Own
184,185,31,m,Total!!Population of one race!!White alone,0,4,Own
185,186,51,m,Total!!Population of one race!!White alone,0,4,Own
186,187,27,m,Total!!Population of one race!!White alone,0,1,Own
187,188,20,f,Total!!Population of one race!!White alone,0,4,Own
188,189,4,m,Total!!Population of one race!!White alone,0,1,Rent
189,190,43,m,Total!!Population of one race!!White alone,0,4,Own
190,191,34,m,Total!!Population of one race!!White alone,0,2,Own
191,192,38,m,Total!!Population of one race!!White alone,0,4,Own
192,193,31,m,Total!!Population of one race!!White alone,0,4,Own
193,194,48,m,Total!!Population of one race!!White alone,0,4,Own
194,195,7,m,Total!!Population of one race!!White alone,0,2,Own
195,196,33,f,Total!!Population of one race!!White alone,0,1,Own
196,197,32,f,Total!!Population of one race!!White alone,0,3,Own
197,198,84,f,Total!!Population of one race!!White alone,0,2,Rent
198,199,42,m,Total!!Population of one race!!White alone,0,1,Own
199,200,29,m,Total!!Population of one race!!White alone,0,2,Own
200,201,31,m,Total!!Population of one race!!White alone,0,4,Own
201,202,12,f,Total!!Population of one race!!White alone,0,4,Own
202,203,11,m,Total!!Population of one race!!White alone,0,1,Own
203,204,70,m,Total!!Population of one race!!White alone,0,2,Own
204,205,31,m,Total!!Population of one race!!White alone,0,4,Own
205,206,83,m,Total!!Population of one race!!White alone,0,4,Own
206,207,79,m,Total!!Population of one race!!White alone,0,2,Own
207,208,58,m,Total!!Population of one race!!White alone,0,3,Own
208,209,24,m,Total!!Population of one race!!White alone,0,4,Own
209,210,20,f,Total!!Population of one race!!White alone,0,3,Own
210,211,27,m,Total!!Population of one race!!White alone,0,4,Rent
211,212,31,m,Total!!Population of one race!!White alone,0,2,Rent
212,213,51,f,Total!!Population of one race!!White alone,0,3,Own
213,214,33,m,Total!!Population of one race!!White alone,0,2,Own
214,215,87,f,Total!!Population of one race!!White alone,0,4,Own
215,216,29,f,Total!!Population of one race!!White alone,0,1,Own
216,217,62,f,Total!!Population of one race!!White alone,0,4,Own
217,218,49,m,Total!!Population of one race!!White alone,0,2,Rent
218,219,11,m,Total!!Population of one race!!White alone,0,1,Own
219,220,32,f,Total!!Population of one race!!White alone,0,4,Rent
220,221,47,m,Total!!Population of one race!!White alone,0,1,Own
221,222,41,f,Total!!Population of one race!!White alone,0,2,Own
222,223,73,m,Total!!Population of one race!!White alone,0,4,Own
223,224,60,f,Total!!Population of one race!!White alone,0,4,Rent
224,225,35,m,Total!!Population of one race!!White alone,0,1,Rent
225,226,5,m,Total!!Population of one race!!White alone,0,4,Rent
226,227,62,m,Total!!Population of one race!!White alone,0,4,Rent
227,228,9,m,Total!!Population of one race!!White alone,0,2,Own
228,229,2,f,Total!!Population of one race!!White alone,1,2,Rent
229,230,31,f,Total!!Population of one race!!White alone,0,2,Own
230,231,65,f,Total!!Population of one race!!White alone,0,2,Own
231,232,44,f,Total!!Population of one race!!White alone,0,4,Own
232,233,48,m,Total!!Population of one race!!White alone,0,2,Own
233,234,35,f,Total!!Population of one race!!White alone,0,3,Rent
234,235,73,f,Total!!Population of one race!!White alone,0,3,Own
235,236,38,m,Total!!Population of one race!!White alone,0,4,Rent
236,237,42,m,Total!!Population of one race!!White alone,0,1,Own
237,238,37,m,Total!!Population of one race!!White alone,0,2,Own
238,239,42,f,Total!!Population of one race!!White alone,0,1,Rent
239,240,28,m,Total!!Population of one race!!White alone,0,2,Own
240,241,37,f,Total!!Population of one race!!White alone,0,1,Own
241,242,13,f,Total!!Population of one race!!White alone,1,4,Rent
242,243,33,m,Total!!Population of one race!!White alone,0,4,Own
243,244,38,f,Total!!Population of one race!!White alone,0,3,Rent
244,245,6,m,Total!!Population of one race!!White alone,0,2,Own
245,246,2,m,Total!!Population of one race!!White alone,0,4,Own
246,247,57,f,Total!!Population of one race!!White alone,0,2,Own
247,248,79,m,Total!!Population of one race!!White alone,0,4,Own
248,249,10,m,Total!!Population of one race!!White alone,0,4,Own
249,250,44,m,Total!!Population of one race!!White alone,0,3,Rent
250,251,84,f,Total!!Population of one race!!White alone,0,3,Own
251,252,13,f,Total!!Population of one race!!White alone,0,3,Own
252,253,40,m,Total!!Population of one race!!White alone,0,4,Own
253,254,73,f,Total!!Population of one race!!White alone,0,4,Own
254,255,24,m,Total!!Population of one race!!White alone,0,4,Own
255,256,38,m,Total!!Population of one race!!White alone,0,1,Own
256,257,10,m,Total!!Population of one race!!White alone,0,4,Own
257,258,33,m,Total!!Population of one race!!White alone,0,2,Rent
258,259,60,m,Total!!Population of one race!!White alone,0,4,Own
259,260,41,m,Total!!Population of one race!!White alone,0,4,Own
260,261,16,m,Total!!Population of one race!!White alone,0,4,Own
261,262,36,m,Total!!Population of one race!!White alone,0,2,Rent
262,263,53,f,Total!!Population of one race!!White alone,0,4,Own
263,264,70,f,Total!!Population of one race!!White alone,0,1,Rent
264,265,44,f,Total!!Population of one race!!White alone,0,2,Rent
265,266,30,m,Total!!Population of one race!!White alone,0,4,Own
266,267,37,f,Total!!Population of one race!!White alone,0,2,Own
267,268,71,f,Total!!Population of one race!!White alone,0,2,Own
268,269,59,f,Total!!Population of one race!!White alone,0,3,Own
269,270,47,m,Total!!Population of one race!!White alone,0,4,Own
270,271,35,f,Total!!Population of one race!!White alone,0,4,Own
271,272,34,f,Total!!Population of one race!!White alone,0,4,Own
272,273,34,m,Total!!Population of one race!!White alone,0,3,Own
273,274,69,f,Total!!Population of one race!!White alone,0,4,Own
274,275,12,f,Total!!Population of one race!!White alone,0,3,Own
275,276,60,m,Total!!Population of one race!!White alone,0,4,Rent
276,277,4,m,Total!!Population of one race!!White alone,0,1,Own
277,278,51,m,Total!!Population of one race!!White alone,0,2,Own
278,279,39,f,Total!!Population of one race!!White alone,0,3,Own
279,280,84,m,Total!!Population of one race!!White alone,0,3,Rent
280,281,34,m,Total!!Population of one race!!White alone,0,2,Rent
281,282,38,f,Total!!Population of one race!!White alone,0,4,Rent
282,283,53,m,Total!!Population of one race!!White alone,0,4,Own
283,284,15,f,Total!!Population of one race!!White alone,0,4,Own
284,285,58,f,Total!!Population of one race!!White alone,0,3,Own
285,286,48,m,Total!!Population of one race!!White alone,0,4,Own
286,287,56,f,Total!!Population of one race!!White alone,0,2,Own
287,288,30,m,Total!!Population of one race!!White alone,0,3,Rent
288,289,0,m,Total!!Population of one race!!White alone,0,2,Rent
289,290,39,m,Total!!Population of one race!!White alone,0,1,Own
290,291,7,m,Total!!Population of one race!!White alone,0,4,Rent
291,292,70,m,Total!!Population of one race!!White alone,1,2,Own
292,293,27,f,Total!!Population of one race!!White alone,0,4,Own
293,294,44,f,Total!!Population of one race!!White alone,0,4,Own
294,295,51,f,Total!!Population of one race!!White alone,0,2,Own
295,296,67,f,Total!!Population of one race!!White alone,0,2,Own
296,297,41,m,Total!!Population of one race!!White alone,0,4,Own
297,298,17,f,Total!!Population of one race!!White alone,0,3,Rent
298,299,12,m,Total!!Population of one race!!White alone,1,3,Own
299,300,33,f,Total!!Population of one race!!White alone,0,4,Own
300,301,40,m,Total!!Population of one race!!White alone,0,4,Own
301,302,19,f,Total!!Population of one race!!White alone,0,4,Own
302,303,6,f,Total!!Population of one race!!White alone,0,4,Own
303,304,45,m,Total!!Population of one race!!White alone,0,4,Own
304,305,23,m,Total!!Population of one race!!White alone,0,1,Rent
305,306,31,m,Total!!Population of one race!!White alone,0,4,Own
306,307,38,f,Total!!Population of one race!!White alone,0,4,Own
307,308,39,m,Total!!Population of one race!!White alone,0,4,Own
308,309,38,f,Total!!Population of one race!!White alone,0,3,Own
309,310,6,m,Total!!Population of one race!!White alone,0,1,Rent
310,311,39,m,Total!!Population of one race!!White alone,0,1,Own
311,312,38,m,Total!!Population of one race!!White alone,0,4,Own
312,313,37,m,Total!!Population of one race!!White alone,0,4,Rent
313,314,53,f,Total!!Population of one race!!White alone,0,2,Own
314,315,56,m,Total!!Population of one race!!White alone,0,4,Own
315,316,0,m,Total!!Population of one race!!White alone,0,3,Own
316,317,14,m,Total!!Population of one race!!White alone,0,1,Own
317,318,23,f,Total!!Population of one race!!White alone,0,3,Own
318,319,49,m,Total!!Population of one race!!White alone,0,2,Rent
319,320,59,m,Total!!Population of one race!!White alone,0,2,Rent
320,321,4,f,Total!!Population of one race!!White alone,0,1,Rent
321,322,11,m,Total!!Population of one race!!White alone,0,2,Own
322,323,63,m,Total!!Population of one race!!White alone,0,1,Rent
323,324,3,f,Total!!Population of one race!!White alone,0,4,Own
324,325,2,m,Total!!Population of one race!!White alone,0,2,Own
325,326,39,m,Total!!Population of one race!!White alone,0,4,Own
326,327,7,m,Total!!Population of one race!!White alone,0,2,Own
327,328,64,f,Total!!Population of one race!!White alone,0,3,Rent
328,329,50,m,Total!!Population of one race!!White alone,0,2,Rent
329,330,77,m,Total!!Population of one race!!White alone,0,4,Own
330,331,21,f,Total!!Population of one race!!White alone,0,2,Own
331,332,68,m,Total!!Population of one race!!White alone,0,1,Own
332,333,47,m,Total!!Population of one race!!White alone,0,2,Own
333,334,69,f,Total!!Population of one race!!White alone,0,2,Rent
334,335,12,f,Total!!Population of one race!!White alone,0,1,Own
335,336,87,f,Total!!Population of one race!!White alone,0,2,Rent
336,337,11,m,Total!!Population of one race!!White alone,0,4,Own
337,338,82,f,Total!!Population of one race!!White alone,1,2,Rent
338,339,11,m,Total!!Population of one race!!White alone,0,1,Own
339,340,66,m,Total!!Population of one race!!White alone,1,2,Rent
340,341,33,m,Total!!Population of one race!!White alone,0,4,Own
341,342,75,f,Total!!Population of one race!!White alone,0,2,Rent
342,343,33,f,Total!!Population of one race!!White alone,1,4,Own
343,344,43,m,Total!!Population of one race!!White alone,0,3,Own
344,345,33,m,Total!!Population of one race!!White alone,0,2,Own
345,346,31,m,Total!!Population of one race!!White alone,0,2,Own
346,347,28,m,Total!!Population of one race!!White alone,0,2,Own
347,348,55,f,Total!!Population of one race!!White alone,0,3,Own
348,349,60,f,Total!!Population of one race!!White alone,1,1,Own
349,350,40,f,Total!!Population of one race!!White alone,0,4,Own
350,351,6,f,Total!!Population of one race!!White alone,0,4,Own
351,352,4,m,Total!!Population of one race!!White alone,0,4,Own
352,353,6,f,Total!!Population of one race!!White alone,0,2,Own
353,354,66,m,Total!!Population of one race!!White alone,0,2,Own
354,355,38,f,Total!!Population of one race!!White alone,0,4,Own
355,356,44,m,Total!!Population of one race!!White alone,0,3,Own
356,357,63,f,Total!!Population of one race!!White alone,0,4,Own
357,358,7,f,Total!!Population of one race!!White alone,0,2,Own
358,359,15,m,Total!!Population of one race!!White alone,0,4,Own
359,360,43,m,Total!!Population of one race!!White alone,0,2,Own
360,361,84,m,Total!!Population of one race!!White alone,0,4,Own
361,362,19,m,Total!!Population of one race!!White alone,0,1,Rent
362,363,52,m,Total!!Population of one race!!White alone,0,4,Rent
363,364,43,m,Total!!Population of one race!!White alone,0,1,Own
364,365,23,m,Total!!Population of one race!!White alone,0,3,Rent
365,366,74,f,Total!!Population of one race!!White alone,0,2,Own
366,367,11,f,Total!!Population of one race!!White alone,0,2,Own
367,368,31,m,Total!!Population of one race!!White alone,0,3,Own
368,369,39,m,Total!!Population of one race!!White alone,0,2,Rent
369,370,38,f,Total!!Population of one race!!White alone,0,1,Own
370,371,12,m,Total!!Population of one race!!White alone,0,2,Rent
371,372,10,m,Total!!Population of one race!!White alone,0,2,Own
372,373,24,m,Total!!Population of one race!!White alone,0,2,Rent
373,374,84,m,Total!!Population of one race!!White alone,0,4,Own
374,375,41,m,Total!!Population of one race!!White alone,0,4,Own
375,376,36,m,Total!!Population of one race!!White alone,0,3,Own
376,377,45,f,Total!!Population of one race!!White alone,0,4,Own
377,378,44,m,Total!!Population of one race!!White alone,0,4,Rent
378,379,37,m,Total!!Population of one race!!White alone,0,2,Rent
379,380,32,f,Total!!Population of one race!!White alone,0,1,Rent
380,381,22,f,Total!!Population of one race!!White alone,0,3,Own
381,382,60,f,Total!!Population of one race!!White alone,0,4,Rent
382,383,73,m,Total!!Population of one race!!White alone,0,4,Rent
383,384,62,f,Total!!Population of one race!!White alone,0,1,Own
384,385,9,f,Total!!Population of one race!!White alone,0,4,Own
385,386,15,f,Total!!Population of one race!!White alone,0,2,Own
386,387,30,m,Total!!Population of one race!!White alone,0,4,Rent
387,388,19,f,Total!!Population of one race!!White alone,0,4,Own
388,389,55,f,Total!!Population of one race!!White alone,0,2,Own
389,390,54,m,Total!!Population of one race!!White alone,0,4,Own
390,391,38,m,Total!!Population of one race!!White alone,0,3,Own
391,392,39,m,Total!!Population of one race!!White alone,0,2,Rent
392,393,19,m,Total!!Population of one race!!White alone,0,1,Own
393,394,63,f,Total!!Population of one race!!White alone,0,2,Own
394,395,4,f,Total!!Population of one race!!White alone,0,4,Own
395,396,57,m,Total!!Population of one race!!White alone,0,4,Own
396,397,16,f,Total!!Population of one race!!White alone,0,2,Rent
397,398,56,m,Total!!Population of one race!!White alone,0,4,Rent
398,399,10,m,Total!!Population of one race!!White alone,0,4,Rent
399,400,34,f,Total!!Population of one race!!White alone,0,4,Own
400,401,70,f,Total!!Population of one race!!White alone,0,2,Own
401,402,84,m,Total!!Population of one race!!White alone,0,4,Own
402,403,39,m,Total!!Population of one race!!White alone,0,4,Own
403,404,3,f,Total!!Population of one race!!White alone,0,2,Own
404,405,17,m,Total!!Population of one race!!White alone,0,4,Own
405,406,64,f,Total!!Population of one race!!White alone,0,2,Own
406,407,87,f,Total!!Population of one race!!White alone,0,2,Own
407,408,60,f,Total!!Population of one race!!White alone,0,2,Own
408,409,54,f,Total!!Population of one race!!White alone,0,2,Rent
409,410,4,f,Total!!Population of one race!!White alone,0,2,Own
410,411,42,m,Total!!Population of one race!!White alone,0,4,Rent
411,412,38,m,Total!!Population of one race!!White alone,0,1,Own
412,413,57,f,Total!!Population of one race!!White alone,0,2,Rent
413,414,40,f,Total!!Population of one race!!White alone,0,3,Own
414,415,38,m,Total!!Population of one race!!White alone,0,2,Own
415,416,54,m,Total!!Population of one race!!White alone,0,4,Own
416,417,35,f,Total!!Population of one race!!White alone,0,4,Own
417,418,11,f,Total!!Population of one race!!White alone,1,3,Own
418,419,10,f,Total!!Population of one race!!White alone,0,2,Rent
419,420,50,m,Total!!Population of one race!!White alone,0,1,Own
420,421,45,m,Total!!Population of one race!!White alone,0,3,Own
421,422,14,f,Total!!Population of one race!!White alone,0,4,Own
422,423,27,f,Total!!Population of one race!!White alone,0,4,Own
423,424,28,m,Total!!Population of one race!!White alone,0,2,Rent
424,425,1,f,Total!!Population of one race!!White alone,0,2,Own
425,426,4,f,Total!!Population of one race!!White alone,0,2,Own
426,427,9,m,Total!!Population of one race!!White alone,0,2,Rent
427,428,9,m,Total!!Population of one race!!White alone,0,4,Own
428,429,59,m,Total!!Population of one race!!White alone,0,2,Rent
429,430,24,f,Total!!Population of one race!!White alone,0,3,Rent
430,431,51,f,Total!!Population of one race!!White alone,0,4,Own
431,432,36,m,Total!!Population of one race!!White alone,0,4,Own
432,433,59,m,Total!!Population of one race!!White alone,0,4,Own
433,434,23,m,Total!!Population of one race!!White alone,0,3,Own
434,435,48,f,Total!!Population of one race!!White alone,0,4,Rent
435,436,46,m,Total!!Population of one race!!White alone,0,4,Own
436,437,64,m,Total!!Population of one race!!White alone,0,2,Own
437,438,26,f,Total!!Population of one race!!White alone,0,2,Own
438,439,39,f,Total!!Population of one race!!White alone,0,3,Rent
439,440,51,m,Total!!Population of one race!!White alone,1,2,Own
440,441,38,m,Total!!Population of one race!!White alone,0,1,Own
441,442,82,f,Total!!Population of one race!!White alone,0,4,Own
442,443,44,m,Total!!Population of one race!!White alone,0,3,Rent
443,444,2,f,Total!!Population of one race!!White alone,0,3,Own
444,445,42,m,Total!!Population of one race!!White alone,0,4,Rent
445,446,17,m,Total!!Population of one race!!White alone,0,1,Own
446,447,50,m,Total!!Population of one race!!White alone,0,2,Own
447,448,22,f,Total!!Population of one race!!White alone,0,1,Own
448,449,47,m,Total!!Population of one race!!White alone,0,1,Own
449,450,87,f,Total!!Population of one race!!White alone,0,2,Own
450,451,40,f,Total!!Population of one race!!White alone,0,2,Own
451,452,43,m,Total!!Population of one race!!White alone,0,1,Own
452,453,6,m,Total!!Population of one race!!White alone,0,3,Own
453,454,16,f,Total!!Population of one race!!White alone,0,4,Own
454,455,48,f,Total!!Population of one race!!White alone,0,1,Own
455,456,77,f,Total!!Population of one race!!White alone,0,4,Rent
456,457,40,m,Total!!Population of one race!!White alone,0,4,Own
457,458,24,f,Total!!Population of one race!!White alone,0,4,Own
458,459,18,f,Total!!Population of one race!!White alone,0,1,Own
459,460,35,m,Total!!Population of one race!!White alone,0,3,Own
460,461,33,f,Total!!Population of one race!!White alone,0,2,Own
461,462,47,f,Total!!Population of one race!!White alone,0,4,Rent
462,463,2,f,Total!!Population of one race!!White alone,0,3,Own
463,464,3,f,Total!!Population of one race!!White alone,0,4,Rent
464,465,30,f,Total!!Population of one race!!White alone,0,1,Own
465,466,61,f,Total!!Population of one race!!White alone,0,4,Rent
466,467,70,f,Total!!Population of one race!!White alone,0,4,Own
467,468,37,m,Total!!Population of one race!!White alone,0,4,Own
468,469,9,f,Total!!Population of one race!!White alone,0,4,Own
469,470,8,m,Total!!Population of one race!!White alone,0,2,Own
470,471,70,m,Total!!Population of one race!!White alone,0,4,Own
471,472,46,m,Total!!Population of one race!!White alone,0,4,Own
472,473,67,m,Total!!Population of one race!!White alone,0,4,Own
473,474,43,m,Total!!Population of one race!!White alone,0,2,Own
474,475,36,m,Total!!Population of one race!!White alone,0,2,Own
475,476,21,f,Total!!Population of one race!!White alone,0,4,Own
476,477,33,m,Total!!Population of one race!!White alone,0,4,Own
477,478,31,m,Total!!Population of one race!!White alone,0,1,Own
478,479,49,m,Total!!Population of one race!!White alone,0,3,Own
479,480,15,f,Total!!Population of one race!!White alone,0,3,Own
480,481,5,f,Total!!Population of one race!!White alone,0,3,Rent
481,482,29,m,Total!!Population of one race!!White alone,0,1,Rent
482,483,17,m,Total!!Population of one race!!White alone,0,4,Own
483,484,36,m,Total!!Population of one race!!White alone,0,4,Own
484,485,38,m,Total!!Population of one race!!White alone,0,2,Own
485,486,36,m,Total!!Population of one race!!White alone,0,2,Own
486,487,34,m,Total!!Population of one race!!White alone,0,2,Own
487,488,59,m,Total!!Population of one race!!White alone,0,2,Own
488,489,3,f,Total!!Population of one race!!White alone,0,4,Own
489,490,26,f,Total!!Population of one race!!White alone,0,4,Own
490,491,84,f,Total!!Population of one race!!White alone,0,1,Rent
491,492,32,f,Total!!Population of one race!!White alone,0,2,Own
492,493,46,m,Total!!Population of one race!!White alone,0,1,Own
493,494,54,m,Total!!Population of one race!!White alone,0,2,Own
494,495,4,m,Total!!Population of one race!!White alone,0,3,Own
495,496,24,m,Total!!Population of one race!!White alone,0,3,Own
496,497,47,m,Total!!Population of one race!!White alone,0,2,Rent
497,498,38,m,Total!!Population of one race!!White alone,0,1,Rent
498,499,54,f,Total!!Population of one race!!White alone,0,4,Own
499,500,42,m,Total!!Population of one race!!White alone,0,4,Own
500,501,62,f,Total!!Population of one race!!White alone,0,4,Rent
501,502,19,f,Total!!Population of one race!!White alone,0,2,Own
502,503,45,f,Total!!Population of one race!!White alone,0,2,Rent
503,504,19,f,Total!!Population of one race!!White alone,0,2,Rent
504,505,50,f,Total!!Population of one race!!White alone,0,1,Rent
505,506,44,m,Total!!Population of one race!!White alone,0,2,Own
506,507,43,m,Total!!Population of one race!!White alone,0,4,Own
507,508,47,f,Total!!Population of one race!!White alone,0,2,Own
508,509,21,f,Total!!Population of one race!!White alone,0,3,Own
509,510,38,m,Total!!Population of one race!!White alone,0,4,Rent
510,511,59,f,Total!!Population of one race!!White alone,0,1,Rent
511,512,50,f,Total!!Population of one race!!White alone,0,2,Rent
512,513,44,m,Total!!Population of one race!!White alone,0,2,Rent
513,514,52,f,Total!!Population of one race!!White alone,0,2,Rent
514,515,52,m,Total!!Population of one race!!White alone,0,2,Rent
515,516,13,f,Total!!Population of one race!!White alone,0,4,Rent
516,517,72,f,Total!!Population of one race!!White alone,0,1,Own
517,518,19,f,Total!!Population of one race!!White alone,0,1,Own
518,519,31,m,Total!!Population of one race!!White alone,0,3,Own
519,520,48,f,Total!!Population of one race!!White alone,0,2,Own
520,521,28,m,Total!!Population of one race!!White alone,0,4,Own
521,522,30,m,Total!!Population of one race!!White alone,0,4,Own
522,523,53,f,Total!!Population of one race!!White alone,0,3,Own
523,524,30,m,Total!!Population of one race!!White alone,0,4,Own
524,525,48,f,Total!!Population of one race!!White alone,0,1,Own
525,526,9,f,Total!!Population of one race!!White alone,0,1,Own
526,527,53,f,Total!!Population of one race!!White alone,0,2,Own
527,528,84,m,Total!!Population of one race!!White alone,0,2,Own
528,529,6,f,Total!!Population of one race!!White alone,0,2,Rent
529,530,41,f,Total!!Population of one race!!White alone,0,1,Own
530,531,44,m,Total!!Population of one race!!White alone,0,4,Own
531,532,31,m,Total!!Population of one race!!White alone,0,3,Own
532,533,50,f,Total!!Population of one race!!White alone,0,1,Own
533,534,41,m,Total!!Population of one race!!White alone,0,2,Rent
534,535,73,m,Total!!Population of one race!!White alone,0,2,Rent
535,536,38,m,Total!!Population of one race!!White alone,0,2,Rent
536,537,17,m,Total!!Population of one race!!White alone,0,4,Own
537,538,57,f,Total!!Population of one race!!White alone,0,4,Own
538,539,42,f,Total!!Population of one race!!White alone,0,4,Own
539,540,35,m,Total!!Population of one race!!White alone,0,2,Own
540,541,42,m,Total!!Population of one race!!White alone,0,2,Own
541,542,46,m,Total!!Population of one race!!White alone,0,2,Rent
542,543,18,m,Total!!Population of one race!!White alone,0,2,Own
543,544,9,m,Total!!Population of one race!!White alone,0,4,Own
544,545,39,f,Total!!Population of one race!!White alone,0,4,Own
545,546,77,f,Total!!Population of one race!!White alone,1,3,Own
546,547,39,m,Total!!Population of one race!!White alone,0,1,Own
547,548,19,m,Total!!Population of one race!!White alone,0,3,Own
548,549,36,f,Total!!Population of one race!!White alone,0,1,Rent
549,550,33,f,Total!!Population of one race!!White alone,1,3,Own
550,551,30,m,Total!!Population of one race!!White alone,0,2,Rent
551,552,38,f,Total!!Population of one race!!White alone,0,2,Own
552,553,38,f,Total!!Population of one race!!White alone,0,2,Own
553,554,23,f,Total!!Population of one race!!White alone,0,4,Own
554,555,22,f,Total!!Population of one race!!White alone,0,3,Own
555,556,38,m,Total!!Population of one race!!White alone,0,2,Own
556,557,41,f,Total!!Population of one race!!White alone,0,2,Own
557,558,62,m,Total!!Population of one race!!White alone,0,4,Own
558,559,51,f,Total!!Population of one race!!White alone,0,4,Own
559,560,55,m,Total!!Population of one race!!White alone,0,1,Own
560,561,59,m,Total!!Population of one race!!White alone,0,2,Rent
561,562,67,m,Total!!Population of one race!!White alone,0,2,Rent
562,563,35,f,Total!!Population of one race!!White alone,0,4,Own
563,564,23,m,Total!!Population of one race!!White alone,0,3,Own
564,565,4,f,Total!!Population of one race!!White alone,0,4,Rent
565,566,3,f,Total!!Population of one race!!White alone,0,4,Own
566,567,16,f,Total!!Population of one race!!White alone,0,3,Own
567,568,37,m,Total!!Population of one race!!White alone,0,4,Own
568,569,31,f,Total!!Population of one race!!White alone,0,4,Rent
569,570,36,m,Total!!Population of one race!!White alone,0,4,Own
570,571,34,f,Total!!Population of one race!!White alone,0,1,Rent
571,572,49,f,Total!!Population of one race!!White alone,0,3,Own
572,573,41,m,Total!!Population of one race!!White alone,0,4,Own
573,574,72,f,Total!!Population of one race!!White alone,0,2,Own
574,575,41,m,Total!!Population of one race!!White alone,0,2,Rent
575,576,43,f,Total!!Population of one race!!White alone,0,1,Own
576,577,70,f,Total!!Population of one race!!White alone,0,2,Own
577,578,11,m,Total!!Population of one race!!White alone,0,3,Own
578,579,43,f,Total!!Population of one race!!White alone,0,1,Rent
579,580,40,m,Total!!Population of one race!!White alone,0,4,Own
580,581,33,m,Total!!Population of one race!!White alone,0,1,Own
581,582,64,m,Total!!Population of one race!!White alone,0,1,Own
582,583,9,m,Total!!Population of one race!!White alone,0,2,Own
583,584,2,m,Total!!Population of one race!!White alone,0,2,Own
584,585,40,m,Total!!Population of one race!!White alone,0,2,Own
585,586,3,f,Total!!Population of one race!!White alone,0,4,Own
586,587,69,m,Total!!Population of one race!!White alone,0,4,Rent
587,588,16,f,Total!!Population of one race!!White alone,0,1,Own
588,589,64,m,Total!!Population of one race!!White alone,0,2,Rent
589,590,39,m,Total!!Population of one race!!White alone,0,1,Own
590,591,70,m,Total!!Population of one race!!White alone,0,3,Own
591,592,34,m,Total!!Population of one race!!White alone,0,2,Rent
592,593,2,f,Total!!Population of one race!!White alone,0,3,Own
593,594,46,m,Total!!Population of one race!!White alone,0,4,Own
594,595,24,f,Total!!Population of one race!!White alone,0,4,Own
595,596,87,m,Total!!Population of one race!!White alone,0,4,Own
596,597,34,f,Total!!Population of one race!!White alone,0,4,Own
597,598,54,m,Total!!Population of one race!!White alone,0,2,Own
598,599,50,f,Total!!Population of one race!!White alone,0,4,Own
599,600,43,m,Total!!Population of one race!!White alone,0,4,Own
600,601,20,f,Total!!Population of one race!!White alone,0,2,Own
601,602,87,m,Total!!Population of one race!!White alone,0,2,Rent
602,603,19,m,Total!!Population of one race!!White alone,0,2,Rent
603,604,46,m,Total!!Population of one race!!White alone,0,4,Own
604,605,50,f,Total!!Population of one race!!White alone,0,4,Rent
605,606,41,m,Total!!Population of one race!!White alone,0,2,Own
606,607,17,m,Total!!Population of one race!!White alone,0,1,Rent
607,608,86,f,Total!!Population of one race!!White alone,0,2,Own
608,609,64,m,Total!!Population of one race!!White alone,0,3,Rent
609,610,37,m,Total!!Population of one race!!White alone,0,3,Own
610,611,71,f,Total!!Population of one race!!White alone,0,2,Rent
611,612,32,f,Total!!Population of one race!!White alone,0,4,Own
612,613,51,f,Total!!Population of one race!!White alone,0,4,Own
613,614,62,m,Total!!Population of one race!!White alone,0,4,Own
614,615,47,m,Total!!Population of one race!!White alone,0,4,Rent
615,616,52,f,Total!!Population of one race!!White alone,0,4,Rent
616,617,42,f,Total!!Population of one race!!White alone,0,3,Rent
617,618,40,f,Total!!Population of one race!!White alone,0,4,Own
618,619,14,m,Total!!Population of one race!!White alone,0,1,Own
619,620,41,m,Total!!Population of one race!!White alone,0,3,Rent
620,621,3,f,Total!!Population of one race!!White alone,1,4,Own
621,622,50,m,Total!!Population of one race!!White alone,0,4,Rent
622,623,6,f,Total!!Population of one race!!White alone,0,2,Own
623,624,63,f,Total!!Population of one race!!White alone,0,2,Own
624,625,33,f,Total!!Population of one race!!White alone,0,2,Rent
625,626,66,m,Total!!Population of one race!!White alone,0,3,Own
626,627,53,f,Total!!Population of one race!!White alone,0,4,Rent
627,628,31,m,Total!!Population of one race!!White alone,0,3,Own
628,629,55,f,Total!!Population of one race!!White alone,0,2,Own
629,630,8,m,Total!!Population of one race!!White alone,0,2,Rent
630,631,50,m,Total!!Population of one race!!White alone,0,2,Own
631,632,54,m,Total!!Population of one race!!White alone,0,2,Own
632,633,1,f,Total!!Population of one race!!White alone,0,2,Rent
633,634,41,m,Total!!Population of one race!!White alone,0,2,Own
634,635,17,m,Total!!Population of one race!!White alone,0,3,Rent
635,636,14,f,Total!!Population of one race!!White alone,0,2,Own
636,637,64,m,Total!!Population of one race!!White alone,0,3,Own
637,638,67,f,Total!!Population of one race!!White alone,0,4,Rent
638,639,15,m,Total!!Population of one race!!White alone,0,4,Rent
639,640,71,f,Total!!Population of one race!!White alone,0,4,Own
640,641,37,m,Total!!Population of one race!!White alone,0,4,Own
641,642,36,m,Total!!Population of one race!!White alone,1,4,Own
642,643,22,f,Total!!Population of one race!!White alone,0,1,Own
643,644,34,m,Total!!Population of one race!!White alone,0,2,Own
644,645,42,m,Total!!Population of one race!!White alone,0,4,Own
645,646,41,m,Total!!Population of one race!!White alone,0,4,Own
646,647,39,m,Total!!Population of one race!!White alone,0,2,Own
647,648,60,m,Total!!Population of one race!!White alone,0,2,Rent
648,649,4,m,Total!!Population of one race!!White alone,0,3,Own
649,650,13,f,Total!!Population of one race!!White alone,0,4,Rent
650,651,54,f,Total!!Population of one race!!White alone,0,4,Own
651,652,69,m,Total!!Population of one race!!White alone,0,2,Own
652,653,28,m,Total!!Population of one race!!White alone,0,3,Own
653,654,43,m,Total!!Population of one race!!White alone,1,1,Own
654,655,28,m,Total!!Population of one race!!White alone,0,2,Rent
655,656,42,f,Total!!Population of one race!!White alone,0,2,Rent
656,657,38,m,Total!!Population of one race!!White alone,0,4,Own
657,658,64,m,Total!!Population of one race!!White alone,0,1,Own
658,659,44,m,Total!!Population of one race!!White alone,0,1,Own
659,660,34,f,Total!!Population of one race!!White alone,0,3,Own
660,661,0,m,Total!!Population of one race!!White alone,0,1,Own
661,662,23,f,Total!!Population of one race!!White alone,0,2,Rent
662,663,48,f,Total!!Population of one race!!White alone,0,3,Own
663,664,39,f,Total!!Population of one race!!White alone,0,3,Own
664,665,7,m,Total!!Population of one race!!White alone,0,2,Rent
665,666,53,f,Total!!Population of one race!!White alone,0,1,Own
666,667,32,f,Total!!Population of one race!!White alone,0,1,Rent
667,668,29,m,Total!!Population of one race!!White alone,0,2,Own
668,669,38,m,Total!!Population of one race!!White alone,0,4,Own
669,670,62,m,Total!!Population of one race!!White alone,0,4,Own
670,671,46,m,Total!!Population of one race!!White alone,0,2,Own
671,672,46,m,Total!!Population of one race!!White alone,0,2,Own
672,673,57,m,Total!!Population of one race!!White alone,0,2,Own
673,674,30,m,Total!!Population of one race!!White alone,0,2,Own
674,675,19,m,Total!!Population of one race!!White alone,0,3,Own
675,676,15,m,Total!!Population of one race!!White alone,0,2,Own
676,677,54,f,Total!!Population of one race!!White alone,0,2,Own
677,678,50,f,Total!!Population of one race!!White alone,1,4,Own
678,679,7,m,Total!!Population of one race!!White alone,0,2,Rent
679,680,42,f,Total!!Population of one race!!White alone,0,4,Own
680,681,2,f,Total!!Population of one race!!White alone,0,2,Rent
681,682,37,m,Total!!Population of one race!!White alone,0,1,Rent
682,683,56,m,Total!!Population of one race!!White alone,0,4,Own
683,684,3,m,Total!!Population of one race!!White alone,0,4,Own
684,685,35,m,Total!!Population of one race!!White alone,0,1,Own
685,686,87,f,Total!!Population of one race!!White alone,0,2,Own
686,687,65,f,Total!!Population of one race!!White alone,0,2,Rent
687,688,39,m,Total!!Population of one race!!White alone,0,1,Own
688,689,39,f,Total!!Population of one race!!White alone,0,2,Own
689,690,51,f,Total!!Population of one race!!White alone,0,2,Own
690,691,53,f,Total!!Population of one race!!White alone,0,4,Own
691,692,76,m,Total!!Population of one race!!White alone,0,2,Own
692,693,39,f,Total!!Population of one race!!White alone,0,2,Own
693,694,49,m,Total!!Population of one race!!White alone,0,4,Own
694,695,10,f,Total!!Population of one race!!White alone,0,1,Own
695,696,51,m,Total!!Population of one race!!White alone,0,1,Own
696,697,41,m,Total!!Population of one race!!White alone,0,4,Own
697,698,11,m,Total!!Population of one race!!White alone,0,2,Rent
698,699,59,f,Total!!Population of one race!!White alone,0,4,Rent
699,700,61,m,Total!!Population of one race!!White alone,0,4,Rent
700,701,41,m,Total!!Population of one race!!White alone,0,2,Own
701,702,42,m,Total!!Population of one race!!White alone,1,2,Own
702,703,33,m,Total!!Population of one race!!White alone,0,4,Own
703,704,11,m,Total!!Population of one race!!White alone,0,2,Own
704,705,11,f,Total!!Population of one race!!White alone,0,2,Own
705,706,63,m,Total!!Population of one race!!White alone,0,4,Own
706,707,25,m,Total!!Population of one race!!White alone,0,4,Own
707,708,63,f,Total!!Population of one race!!White alone,0,3,Own
708,709,50,m,Total!!Population of one race!!White alone,0,2,Rent
709,710,13,f,Total!!Population of one race!!White alone,0,2,Own
710,711,51,m,Total!!Population of one race!!White alone,0,4,Own
711,712,64,f,Total!!Population of one race!!White alone,0,2,Own
712,713,84,f,Total!!Population of one race!!White alone,0,4,Own
713,714,56,m,Total!!Population of one race!!White alone,0,4,Own
714,715,59,f,Total!!Population of one race!!White alone,0,4,Own
715,716,1,f,Total!!Population of one race!!White alone,0,4,Own
716,717,13,m,Total!!Population of one race!!White alone,0,4,Own
717,718,77,m,Total!!Population of one race!!White alone,0,4,Own
718,719,19,f,Total!!Population of one race!!White alone,0,4,Own
719,720,51,m,Total!!Population of one race!!White alone,0,4,Own
720,721,34,m,Total!!Population of one race!!White alone,0,4,Own
721,722,47,f,Total!!Population of one race!!White alone,0,2,Rent
722,723,46,f,Total!!Population of one race!!White alone,0,3,Rent
723,724,10,m,Total!!Population of one race!!White alone,0,4,Rent
724,725,40,f,Total!!Population of one race!!White alone,0,4,Rent
725,726,86,f,Total!!Population of one race!!White alone,0,4,Rent
726,727,39,m,Total!!Population of one race!!White alone,0,1,Own
727,728,28,m,Total!!Population of one race!!White alone,0,3,Own
728,729,30,m,Total!!Population of one race!!White alone,0,4,Rent
729,730,4,m,Total!!Population of one race!!White alone,0,3,Rent
730,731,74,f,Total!!Population of one race!!White alone,0,1,Own
731,732,25,m,Total!!Population of one race!!White alone,0,1,Own
732,733,46,m,Total!!Population of one race!!White alone,0,3,Own
733,734,27,f,Total!!Population of one race!!White alone,0,4,Own
734,735,20,f,Total!!Population of one race!!White alone,0,4,Own
735,736,85,f,Total!!Population of one race!!White alone,0,4,Rent
736,737,42,m,Total!!Population of one race!!White alone,0,1,Own
737,738,51,f,Total!!Population of one race!!White alone,0,4,Own
738,739,13,m,Total!!Population of one race!!White alone,0,3,Own
739,740,0,m,Total!!Population of one race!!White alone,0,1,Own
740,741,51,m,Total!!Population of one race!!White alone,0,4,Own
741,742,21,m,Total!!Population of one race!!White alone,0,3,Own
742,743,7,f,Total!!Population of one race!!White alone,0,2,Rent
743,744,33,m,Total!!Population of one race!!White alone,0,1,Rent
744,745,2,m,Total!!Population of one race!!White alone,0,2,Own
745,746,46,m,Total!!Population of one race!!White alone,0,4,Rent
746,747,35,f,Total!!Population of one race!!White alone,0,1,Own
747,748,40,m,Total!!Population of one race!!White alone,0,3,Own
748,749,17,m,Total!!Population of one race!!White alone,0,1,Own
749,750,87,f,Total!!Population of one race!!White alone,0,4,Own
750,751,54,f,Total!!Population of one race!!White alone,0,4,Rent
751,752,43,m,Total!!Population of one race!!White alone,0,4,Rent
752,753,34,f,Total!!Population of one race!!White alone,0,4,Own
753,754,1,m,Total!!Population of one race!!White alone,0,4,Own
754,755,20,f,Total!!Population of one race!!White alone,0,3,Rent
755,756,38,m,Total!!Population of one race!!White alone,0,3,Own
756,757,45,f,Total!!Population of one race!!White alone,0,2,Own
757,758,31,m,Total!!Population of one race!!White alone,1,3,Own
758,759,73,m,Total!!Population of one race!!White alone,0,1,Rent
759,760,17,f,Total!!Population of one race!!White alone,0,4,Own
760,761,19,m,Total!!Population of one race!!White alone,0,2,Own
761,762,67,f,Total!!Population of one race!!White alone,0,1,Own
762,763,31,m,Total!!Population of one race!!White alone,0,1,Rent
763,764,7,m,Total!!Population of one race!!White alone,0,1,Own
764,765,43,m,Total!!Population of one race!!White alone,0,3,Rent
765,766,33,m,Total!!Population of one race!!White alone,0,2,Own
766,767,40,f,Total!!Population of one race!!White alone,0,4,Rent
767,768,59,m,Total!!Population of one race!!White alone,0,3,Own
768,769,31,m,Total!!Population of one race!!White alone,0,3,Own
769,770,76,m,Total!!Population of one race!!White alone,0,4,Own
770,771,31,f,Total!!Population of one race!!White alone,0,4,Own
771,772,48,f,Total!!Population of one race!!White alone,0,1,Own
772,773,30,m,Total!!Population of one race!!White alone,0,3,Own
773,774,48,f,Total!!Population of one race!!White alone,0,4,Own
774,775,14,f,Total!!Population of one race!!White alone,0,1,Own
775,776,44,m,Total!!Population of one race!!White alone,0,4,Own
776,777,9,m,Total!!Population of one race!!White alone,0,2,Own
777,778,8,f,Total!!Population of one race!!White alone,0,4,Own
778,779,39,m,Total!!Population of one race!!White alone,0,2,Own
779,780,49,m,Total!!Population of one race!!White alone,0,2,Own
780,781,20,f,Total!!Population of one race!!White alone,0,4,Own
781,782,41,m,Total!!Population of one race!!White alone,0,4,Rent
782,783,58,f,Total!!Population of one race!!White alone,0,1,Rent
783,784,57,f,Total!!Population of one race!!White alone,0,1,Own
784,785,33,f,Total!!Population of one race!!White alone,0,2,Own
785,786,49,f,Total!!Population of one race!!White alone,0,2,Own
786,787,42,m,Total!!Population of one race!!White alone,0,4,Own
787,788,4,f,Total!!Population of one race!!White alone,0,2,Own
788,789,14,f,Total!!Population of one race!!White alone,0,2,Own
789,790,1,m,Total!!Population of one race!!White alone,0,2,Own
790,791,30,f,Total!!Population of one race!!White alone,0,4,Own
791,792,36,f,Total!!Population of one race!!White alone,0,4,Rent
792,793,33,f,Total!!Population of one race!!White alone,1,1,Own
793,794,73,m,Total!!Population of one race!!White alone,0,4,Own
794,795,21,f,Total!!Population of one race!!White alone,0,4,Own
795,796,59,m,Total!!Population of one race!!White alone,0,2,Own
796,797,8,m,Total!!Population of one race!!White alone,0,2,Own
797,798,32,m,Total!!Population of one race!!White alone,0,2,Own
798,799,24,f,Total!!Population of one race!!White alone,0,2,Own
799,800,38,f,Total!!Population of one race!!White alone,0,4,Own
800,801,0,m,Total!!Population of one race!!White alone,0,4,Own
801,802,72,f,Total!!Population of one race!!White alone,0,2,Own
802,803,84,f,Total!!Population of one race!!White alone,0,2,Own
803,804,37,f,Total!!Population of one race!!White alone,0,2,Rent
804,805,58,f,Total!!Population of one race!!White alone,0,4,Own
805,806,56,f,Total!!Population of one race!!White alone,0,4,Own
806,807,32,f,Total!!Population of one race!!White alone,0,2,Own
807,808,28,f,Total!!Population of one race!!White alone,0,3,Rent
808,809,2,m,Total!!Population of one race!!White alone,0,2,Own
809,810,4,f,Total!!Population of one race!!White alone,0,3,Rent
810,811,32,f,Total!!Population of one race!!White alone,0,3,Own
811,812,10,m,Total!!Population of one race!!White alone,0,2,Rent
812,813,4,f,Total!!Population of one race!!White alone,0,4,Own
813,814,51,f,Total!!Population of one race!!White alone,0,3,Own
814,815,12,f,Total!!Population of one race!!White alone,1,2,Own
815,816,59,m,Total!!Population of one race!!White alone,0,3,Own
816,817,50,f,Total!!Population of one race!!White alone,0,3,Own
817,818,38,m,Total!!Population of one race!!White alone,0,2,Rent
818,819,63,m,Total!!Population of one race!!White alone,0,4,Rent
819,820,89,f,Total!!Population of one race!!White alone,0,1,Own
820,821,48,f,Total!!Population of one race!!White alone,0,2,Rent
821,822,19,m,Total!!Population of one race!!White alone,0,4,Own
822,823,53,f,Total!!Population of one race!!White alone,0,4,Rent
823,824,47,m,Total!!Population of one race!!White alone,0,2,Rent
824,825,87,f,Total!!Population of one race!!White alone,0,3,Own
825,826,35,m,Total!!Population of one race!!White alone,0,4,Rent
826,827,29,f,Total!!Population of one race!!White alone,0,2,Rent
827,828,9,m,Total!!Population of one race!!White alone,0,4,Own
828,829,2,m,Total!!Population of one race!!White alone,0,3,Own
829,830,8,m,Total!!Population of one race!!White alone,0,4,Own
830,831,33,f,Total!!Population of one race!!White alone,0,4,Own
831,832,53,f,Total!!Population of one race!!White alone,0,4,Own
832,833,45,m,Total!!Population of one race!!White alone,0,4,Own
833,834,32,f,Total!!Population of one race!!White alone,0,3,Own
834,835,62,f,Total!!Population of one race!!White alone,0,3,Own
835,836,26,m,Total!!Population of one race!!White alone,0,2,Rent
836,837,20,f,Total!!Population of one race!!White alone,0,4,Own
837,838,9,f,Total!!Population of one race!!White alone,0,2,Own
838,839,70,f,Total!!Population of one race!!White alone,0,3,Own
839,840,36,f,Total!!Population of one race!!White alone,0,2,Own
840,841,9,f,Total!!Population of one race!!White alone,0,2,Own
841,842,2,f,Total!!Population of one race!!White alone,0,2,Own
842,843,72,f,Total!!Population of one race!!White alone,0,4,Own
843,844,40,m,Total!!Population of one race!!White alone,0,3,Rent
844,845,38,m,Total!!Population of one race!!White alone,0,3,Own
845,846,39,f,Total!!Population of one race!!White alone,0,1,Rent
846,847,73,f,Total!!Population of one race!!White alone,0,3,Own
847,848,36,m,Total!!Population of one race!!White alone,0,4,Own
848,849,52,f,Total!!Population of one race!!White alone,0,4,Own
849,850,9,m,Total!!Population of one race!!White alone,0,4,Rent
850,851,12,f,Total!!Population of one race!!White alone,0,4,Own
851,852,34,m,Total!!Population of one race!!White alone,0,4,Own
852,853,36,m,Total!!Population of one race!!White alone,0,1,Rent
853,854,60,m,Total!!Population of one race!!White alone,0,4,Own
854,855,43,m,Total!!Population of one race!!White alone,0,1,Own
855,856,29,f,Total!!Population of one race!!White alone,0,3,Rent
856,857,19,m,Total!!Population of one race!!White alone,0,2,Own
857,858,46,m,Total!!Population of one race!!White alone,0,2,Own
858,859,41,m,Total!!Population of one race!!White alone,0,4,Rent
859,860,13,f,Total!!Population of one race!!White alone,1,4,Rent
860,861,21,m,Total!!Population of one race!!White alone,0,4,Own
861,862,8,f,Total!!Population of one race!!White alone,0,4,Rent
862,863,58,m,Total!!Population of one race!!White alone,0,4,Own
863,864,20,f,Total!!Population of one race!!White alone,0,3,Rent
864,865,19,f,Total!!Population of one race!!White alone,0,2,Rent
865,866,39,f,Total!!Population of one race!!White alone,0,2,Rent
866,867,50,f,Total!!Population of one race!!White alone,0,4,Own
867,868,48,m,Total!!Population of one race!!White alone,0,4,Own
868,869,8,m,Total!!Population of one race!!White alone,0,2,Own
869,870,21,m,Total!!Population of one race!!White alone,0,2,Own
870,871,7,m,Total!!Population of one race!!White alone,0,1,Own
871,872,52,m,Total!!Population of one race!!White alone,0,4,Own
872,873,40,m,Total!!Population of one race!!White alone,0,4,Own
873,874,39,f,Total!!Population of one race!!White alone,0,2,Own
874,875,62,m,Total!!Population of one race!!White alone,0,4,Own
875,876,87,f,Total!!Population of one race!!White alone,0,4,Own
876,877,36,f,Total!!Population of one race!!White alone,0,2,Rent
877,878,57,f,Total!!Population of one race!!White alone,0,4,Rent
878,879,31,m,Total!!Population of one race!!White alone,0,2,Rent
879,880,42,f,Total!!Population of one race!!White alone,0,2,Rent
880,881,52,m,Total!!Population of one race!!White alone,0,2,Own
881,882,54,f,Total!!Population of one race!!White alone,0,4,Rent
882,883,61,f,Total!!Population of one race!!White alone,0,4,Own
883,884,34,m,Total!!Population of one race!!White alone,0,1,Own
884,885,39,m,Total!!Population of one race!!White alone,0,4,Own
885,886,51,f,Total!!Population of one race!!White alone,0,3,Own
886,887,25,m,Total!!Population of one race!!White alone,0,2,Own
887,888,29,m,Total!!Population of one race!!White alone,0,3,Rent
888,889,84,f,Total!!Population of one race!!White alone,0,4,Rent
889,890,30,m,Total!!Population of one race!!White alone,0,4,Own
890,891,26,f,Total!!Population of one race!!White alone,0,4,Own
891,892,62,f,Total!!Population of one race!!White alone,0,3,Own
892,893,38,m,Total!!Population of one race!!White alone,0,2,Own
893,894,47,m,Total!!Population of one race!!White alone,1,4,Own
894,895,40,m,Total!!Population of one race!!White alone,0,4,Own
895,896,55,f,Total!!Population of one race!!White alone,0,3,Own
896,897,48,f,Total!!Population of one race!!White alone,0,3,Own
897,898,55,m,Total!!Population of one race!!White alone,0,2,Own
898,899,29,m,Total!!Population of one race!!White alone,0,4,Own
899,900,48,m,Total!!Population of one race!!White alone,0,3,Rent
900,901,42,m,Total!!Population of one race!!White alone,0,4,Rent
901,902,42,f,Total!!Population of one race!!White alone,0,1,Own
902,903,27,f,Total!!Population of one race!!White alone,0,4,Rent
903,904,37,m,Total!!Population of one race!!White alone,0,4,Own
904,905,55,f,Total!!Population of one race!!White alone,0,3,Rent
905,906,35,f,Total!!Population of one race!!White alone,0,4,Own
906,907,44,m,Total!!Population of one race!!White alone,0,4,Own
907,908,73,f,Total!!Population of one race!!White alone,0,1,Own
908,909,47,f,Total!!Population of one race!!White alone,0,1,Rent
909,910,67,m,Total!!Population of one race!!White alone,0,4,Own
910,911,52,m,Total!!Population of one race!!White alone,0,2,Own
911,912,4,m,Total!!Population of one race!!White alone,0,3,Own
912,913,31,m,Total!!Population of one race!!White alone,0,4,Own
913,914,74,f,Total!!Population of one race!!White alone,0,1,Own
914,915,30,m,Total!!Population of one race!!White alone,0,2,Own
915,916,27,m,Total!!Population of one race!!White alone,0,3,Own
916,917,36,f,Total!!Population of one race!!White alone,0,2,Own
917,918,3,f,Total!!Population of one race!!White alone,0,2,Own
918,919,51,f,Total!!Population of one race!!White alone,0,4,Rent
919,920,69,m,Total!!Population of one race!!White alone,0,2,Rent
920,921,56,f,Total!!Population of one race!!White alone,0,2,Rent
921,922,15,m,Total!!Population of one race!!White alone,0,4,Own
922,923,50,m,Total!!Population of one race!!White alone,0,2,Own
923,924,45,m,Total!!Population of one race!!White alone,0,2,Rent
924,925,52,f,Total!!Population of one race!!White alone,0,4,Own
925,926,22,f,Total!!Population of one race!!White alone,0,4,Own
926,927,40,f,Total!!Population of one race!!White alone,0,3,Own
927,928,84,f,Total!!Population of one race!!White alone,0,4,Own
928,929,57,f,Total!!Population of one race!!White alone,0,4,Own
929,930,26,f,Total!!Population of one race!!White alone,0,4,Own
930,931,44,f,Total!!Population of one race!!White alone,0,2,Own
931,932,64,m,Total!!Population of one race!!White alone,0,4,Own
932,933,24,m,Total!!Population of one race!!White alone,0,2,Own
933,934,14,f,Total!!Population of one race!!White alone,0,3,Own
934,935,24,m,Total!!Population of one race!!White alone,0,4,Own
935,936,40,m,Total!!Population of one race!!White alone,0,3,Own
936,937,57,m,Total!!Population of one race!!White alone,0,4,Rent
937,938,70,m,Total!!Population of one race!!White alone,0,4,Own
938,939,57,m,Total!!Population of one race!!White alone,0,3,Rent
939,940,85,f,Total!!Population of one race!!White alone,0,2,Own
940,941,39,m,Total!!Population of one race!!White alone,0,1,Own
941,942,9,f,Total!!Population of one race!!White alone,0,4,Own
942,943,30,m,Total!!Population of one race!!White alone,0,2,Own
943,944,49,f,Total!!Population of one race!!White alone,0,3,Own
944,945,21,m,Total!!Population of one race!!White alone,0,2,Own
945,946,32,f,Total!!Population of one race!!White alone,0,3,Own
946,947,16,f,Total!!Population of one race!!White alone,0,4,Own
947,948,53,f,Total!!Population of one race!!White alone,0,2,Own
948,949,59,f,Total!!Population of one race!!White alone,0,4,Rent
949,950,55,f,Total!!Population of one race!!White alone,0,2,Own
950,951,40,m,Total!!Population of one race!!White alone,0,4,Rent
951,952,41,f,Total!!Population of one race!!White alone,0,3,Own
952,953,27,f,Total!!Population of one race!!White alone,0,4,Own
953,954,55,f,Total!!Population of one race!!White alone,0,4,Own
954,955,30,f,Total!!Population of one race!!White alone,0,2,Own
955,956,63,f,Total!!Population of one race!!White alone,0,4,Rent
956,957,30,m,Total!!Population of one race!!White alone,0,4,Own
957,958,42,f,Total!!Population of one race!!White alone,0,1,Own
958,959,59,m,Total!!Population of one race!!White alone,0,1,Rent
959,960,41,m,Total!!Population of one race!!White alone,0,4,Own
960,961,55,f,Total!!Population of one race!!White alone,0,3,Rent
961,962,46,m,Total!!Population of one race!!White alone,0,4,Own
962,963,31,f,Total!!Population of one race!!White alone,0,2,Own
963,964,36,m,Total!!Population of one race!!White alone,0,3,Own
964,965,51,f,Total!!Population of one race!!White alone,0,4,Rent
965,966,23,m,Total!!Population of one race!!White alone,0,4,Own
966,967,39,m,Total!!Population of one race!!White alone,0,4,Rent
967,968,2,f,Total!!Population of one race!!White alone,0,1,Own
968,969,59,m,Total!!Population of one race!!White alone,0,4,Rent
969,970,23,m,Total!!Population of one race!!White alone,0,2,Own
970,971,14,f,Total!!Population of one race!!White alone,0,2,Own
971,972,50,m,Total!!Population of one race!!White alone,0,1,Own
972,973,40,m,Total!!Population of one race!!White alone,0,2,Own
973,974,22,m,Total!!Population of one race!!White alone,0,2,Rent
974,975,14,f,Total!!Population of one race!!White alone,0,4,Rent
975,976,61,f,Total!!Population of one race!!White alone,0,3,Own
976,977,66,f,Total!!Population of one race!!White alone,0,3,Rent
977,978,49,f,Total!!Population of one race!!White alone,0,4,Rent
978,979,14,m,Total!!Population of one race!!White alone,0,4,Own
979,980,51,f,Total!!Population of one race!!White alone,0,2,Own
980,981,19,m,Total!!Population of one race!!White alone,0,4,Own
981,982,21,f,Total!!Population of one race!!White alone,0,2,Rent
982,983,9,m,Total!!Population of one race!!White alone,0,4,Rent
983,984,35,f,Total!!Population of one race!!White alone,0,4,Own
984,985,21,f,Total!!Population of one race!!White alone,0,4,Own
985,986,2,m,Total!!Population of one race!!White alone,0,3,Own
986,987,11,m,Total!!Population of one race!!White alone,0,1,Own
987,988,65,f,Total!!Population of one race!!White alone,0,2,Own
988,989,35,m,Total!!Population of one race!!White alone,0,2,Own
989,990,3,f,Total!!Population of one race!!White alone,0,4,Rent
990,991,57,m,Total!!Population of one race!!White alone,0,4,Rent
991,992,45,m,Total!!Population of one race!!White alone,0,4,Own
992,993,32,m,Total!!Population of one race!!White alone,0,2,Rent
993,994,11,f,Total!!Population of one race!!White alone,0,4,Rent
994,995,4,f,Total!!Population of one race!!White alone,0,4,Own
995,996,51,m,Total!!Population of one race!!White alone,0,4,Own
996,997,11,f,Total!!Population of one race!!White alone,0,3,Rent
997,998,33,m,Total!!Population of one race!!White alone,0,2,Rent
998,999,47,f,Total!!Population of one race!!White alone,0,2,Own
999,1000,11,m,Total!!Population of one race!!White alone,0,4,Rent
1000,1001,32,m,Total!!Population of one race!!White alone,0,4,Rent
1001,1002,20,f,Total!!Population of one race!!White alone,0,3,Own
1002,1003,55,f,Total!!Population of one race!!White alone,0,4,Own
1003,1004,47,m,Total!!Population of one race!!White alone,0,3,Rent
1004,1005,41,m,Total!!Population of one race!!White alone,0,4,Own
1005,1006,40,f,Total!!Population of one race!!White alone,0,3,Own
1006,1007,38,m,Total!!Population of one race!!White alone,0,2,Rent
1007,1008,29,m,Total!!Population of one race!!White alone,0,4,Rent
1008,1009,34,m,Total!!Population of one race!!White alone,0,2,Own
1009,1010,33,m,Total!!Population of one race!!White alone,0,2,Rent
1010,1011,47,m,Total!!Population of one race!!White alone,0,4,Own
1011,1012,33,m,Total!!Population of one race!!White alone,0,4,Rent
1012,1013,47,m,Total!!Population of one race!!White alone,0,3,Own
1013,1014,40,f,Total!!Population of one race!!White alone,0,2,Own
1014,1015,6,f,Total!!Population of one race!!White alone,0,4,Rent
1015,1016,61,f,Total!!Population of one race!!White alone,0,2,Own
1016,1017,8,f,Total!!Population of one race!!White alone,0,4,Own
1017,1018,43,m,Total!!Population of one race!!White alone,0,3,Own
1018,1019,38,f,Total!!Population of one race!!White alone,0,4,Own
1019,1020,30,m,Total!!Population of one race!!White alone,0,2,Own
1020,1021,39,m,Total!!Population of one race!!White alone,0,1,Rent
1021,1022,43,m,Total!!Population of one race!!White alone,0,1,Own
1022,1023,55,f,Total!!Population of one race!!White alone,0,4,Own
1023,1024,46,m,Total!!Population of one race!!White alone,0,4,Own
1024,1025,26,f,Total!!Population of one race!!White alone,0,4,Own
1025,1026,10,f,Total!!Population of one race!!White alone,0,2,Own
1026,1027,26,m,Total!!Population of one race!!White alone,0,2,Own
1027,1028,23,m,Total!!Population of one race!!White alone,0,4,Own
1028,1029,23,m,Total!!Population of one race!!White alone,0,1,Rent
1029,1030,37,f,Total!!Population of one race!!White alone,0,2,Rent
1030,1031,47,m,Total!!Population of one race!!White alone,0,2,Rent
1031,1032,7,m,Total!!Population of one race!!White alone,0,2,Own
1032,1033,42,m,Total!!Population of one race!!Black or African American alone,0,2,Own
1033,1034,63,m,Total!!Population of one race!!Black or African American alone,1,3,Rent
1034,1035,1,f,Total!!Population of one race!!Black or African American alone,0,2,Own
1035,1036,17,m,Total!!Population of one race!!Black or African American alone,0,4,Own
1036,1037,47,m,Total!!Population of one race!!Black or African American alone,0,2,Rent
1037,1038,54,m,Total!!Population of one race!!Black or African American alone,0,2,Rent
1038,1039,29,m,Total!!Population of one race!!Black or African American alone,0,2,Own
1039,1040,0,m,Total!!Population of one race!!Black or African American alone,0,1,Own
1040,1041,54,m,Total!!Population of one race!!Black or African American alone,0,2,Own
1041,1042,40,f,Total!!Population of one race!!Black or African American alone,0,4,Own
1042,1043,72,f,Total!!Population of one race!!Black or African American alone,0,2,Rent
1043,1044,66,m,Total!!Population of one race!!Black or African American alone,1,2,Rent
1044,1045,14,f,Total!!Population of one race!!Black or African American alone,0,4,Own
1045,1046,51,m,Total!!Population of one race!!Black or African American alone,0,3,Own
1046,1047,39,f,Total!!Population of one race!!Black or African American alone,0,4,Rent
1047,1048,50,f,Total!!Population of one race!!Black or African American alone,0,4,Rent
1048,1049,43,m,Total!!Population of one race!!Black or African American alone,0,3,Own
1049,1050,15,f,Total!!Population of one race!!Black or African American alone,0,3,Own
1050,1051,47,m,Total!!Population of one race!!Black or African American alone,1,4,Own
1051,1052,17,f,Total!!Population of one race!!Black or African American alone,0,2,Own
1052,1053,6,m,Total!!Population of one race!!Black or African American alone,0,3,Own
1053,1054,11,m,Total!!Population of one race!!Black or African American alone,0,4,Own
1054,1055,57,m,Total!!Population of one race!!Black or African American alone,1,1,Own
1055,1056,41,m,Total!!Population of one race!!Black or African American alone,0,4,Own
1056,1057,57,f,Total!!Population of one race!!Black or African American alone,0,1,Own
1057,1058,6,m,Total!!Population of one race!!Black or African American alone,0,3,Own
1058,1059,46,m,Total!!Population of one race!!Black or African American alone,0,2,Rent
1059,1060,55,f,Total!!Population of one race!!Black or African American alone,0,1,Rent
1060,1061,1,m,Total!!Population of one race!!Black or African American alone,0,3,Own
1061,1062,48,m,Total!!Population of one race!!Black or African American alone,0,4,Rent
1062,1063,84,m,Total!!Population of one race!!Black or African American alone,1,4,Own
1063,1064,36,f,Total!!Population of one race!!Black or African American alone,0,2,Rent
1064,1065,64,f,Total!!Population of one race!!Black or African American alone,0,3,Own
1065,1066,10,f,Total!!Population of one race!!Black or African American alone,0,4,Rent
1066,1067,1,f,Total!!Population of one race!!Black or African American alone,0,3,Rent
1067,1068,38,m,Total!!Population of one race!!Black or African American alone,0,2,Own
1068,1069,22,f,Total!!Population of one race!!Black or African American alone,0,2,Rent
1069,1070,64,m,Total!!Population of one race!!Black or African American alone,0,4,Own
1070,1071,30,f,Total!!Population of one race!!Black or African American alone,0,4,Own
1071,1072,36,f,Total!!Population of one race!!Black or African American alone,0,1,Rent
1072,1073,6,m,Total!!Population of one race!!Black or African American alone,0,3,Rent
1073,1074,4,f,Total!!Population of one race!!Black or African American alone,1,4,Own
1074,1075,38,m,Total!!Population of one race!!Black or African American alone,0,2,Own
1075,1076,29,m,Total!!Population of one race!!Black or African American alone,0,4,Rent
1076,1077,33,m,Total!!Population of one race!!Black or African American alone,0,4,Own
1077,1078,66,m,Total!!Population of one race!!Black or African American alone,0,2,Own
1078,1079,9,m,Total!!Population of one race!!Black or African American alone,0,4,Own
1079,1080,6,m,Total!!Population of one race!!Black or African American alone,0,3,Own
1080,1081,19,m,Total!!Population of one race!!Black or African American alone,0,2,Own
1081,1082,16,m,Total!!Population of one race!!Black or African American alone,0,2,Rent
1082,1083,40,m,Total!!Population of one race!!Black or African American alone,0,2,Rent
1083,1084,41,m,Total!!Population of one race!!Black or African American alone,0,2,Rent
1084,1085,11,m,Total!!Population of one race!!Black or African American alone,0,2,Own
1085,1086,40,f,Total!!Population of one race!!Black or African American alone,0,2,Own
1086,1087,33,m,Total!!Population of one race!!Black or African American alone,0,2,Rent
1087,1088,73,f,Total!!Population of one race!!Black or African American alone,0,2,Rent
1088,1089,24,m,Total!!Population of one race!!Black or African American alone,0,4,Rent
1089,1090,44,f,Total!!Population of one race!!Black or African American alone,0,3,Own
1090,1091,37,f,Total!!Population of one race!!Black or African American alone,0,4,Own
1091,1092,41,f,Total!!Population of one race!!Black or African American alone,0,2,Own
1092,1093,60,m,Total!!Population of one race!!Black or African American alone,0,2,Rent
1093,1094,63,m,Total!!Population of one race!!Black or African American alone,0,3,Rent
1094,1095,19,m,Total!!Population of one race!!Black or African American alone,0,2,Own
1095,1096,32,m,Total!!Population of one race!!Black or African American alone,0,2,Own
1096,1097,37,f,Total!!Population of one race!!Black or African American alone,1,1,Own
1097,1098,74,m,Total!!Population of one race!!Black or African American alone,0,2,Own
1098,1099,38,m,Total!!Population of one race!!Black or African American alone,0,2,Own
1099,1100,31,f,Total!!Population of one race!!Black or African American alone,0,2,Rent
1100,1101,59,m,Total!!Population of one race!!Black or African American alone,1,2,Own
1101,1102,41,f,Total!!Population of one race!!Black or African American alone,0,4,Rent
1102,1103,36,m,Total!!Population of one race!!Black or African American alone,0,1,Own
1103,1104,44,f,Total!!Population of one race!!Black or African American alone,0,2,Own
1104,1105,39,m,Total!!Population of one race!!Black or African American alone,0,2,Own
1105,1106,69,m,Total!!Population of one race!!Black or African American alone,0,2,Own
1106,1107,10,f,Total!!Population of one race!!Black or African American alone,0,4,Own
1107,1108,15,m,Total!!Population of one race!!Black or African American alone,1,1,Own
1108,1109,64,f,Total!!Population of one race!!Black or African American alone,0,4,Own
1109,1110,47,f,Total!!Population of one race!!Black or African American alone,0,3,Own
1110,1111,47,f,Total!!Population of one race!!Black or African American alone,0,2,Own
1111,1112,55,f,Total!!Population of one race!!Black or African American alone,0,4,Rent
1112,1113,16,m,Total!!Population of one race!!Black or African American alone,0,4,Own
1113,1114,22,f,Total!!Population of one race!!Black or African American alone,0,4,Own
1114,1115,33,f,Total!!Population of one race!!Black or African American alone,0,1,Own
1115,1116,74,f,Total!!Population of one race!!Black or African American alone,0,4,Rent
1116,1117,22,f,Total!!Population of one race!!Black or African American alone,0,4,Own
1117,1118,69,m,Total!!Population of one race!!Black or African American alone,0,4,Own
1118,1119,27,f,Total!!Population of one race!!Black or African American alone,0,4,Rent
1119,1120,7,m,Total!!Population of one race!!Black or African American alone,1,2,Own
1120,1121,33,m,Total!!Population of one race!!Black or African American alone,0,2,Rent
1121,1122,48,f,Total!!Population of one race!!Black or African American alone,1,4,Own
1122,1123,3,f,Total!!Population of one race!!Black or African American alone,0,2,Own
1123,1124,31,f,Total!!Population of one race!!Black or African American alone,1,2,Own
1124,1125,38,f,Total!!Population of one race!!Black or African American alone,0,2,Rent
1125,1126,4,m,Total!!Population of one race!!Black or African American alone,1,3,Own
1126,1127,75,f,Total!!Population of one race!!Black or African American alone,0,3,Own
1127,1128,49,f,Total!!Population of one race!!Black or African American alone,0,2,Own
1128,1129,51,f,Total!!Population of one race!!Black or African American alone,1,4,Own
1129,1130,66,m,Total!!Population of one race!!Black or African American alone,0,4,Own
1130,1131,73,m,Total!!Population of one race!!Black or African American alone,0,2,Own
1131,1132,48,f,Total!!Population of one race!!Black or African American alone,0,3,Own
1132,1133,64,m,Total!!Population of one race!!Black or African American alone,0,2,Own
1133,1134,39,m,Total!!Population of one race!!Black or African American alone,0,4,Own
1134,1135,40,m,Total!!Population of one race!!Black or African American alone,0,2,Own
1135,1136,55,f,Total!!Population of one race!!Black or African American alone,0,2,Own
1136,1137,73,f,Total!!Population of one race!!Black or African American alone,0,2,Rent
1137,1138,30,f,Total!!Population of one race!!Black or African American alone,0,4,Rent
1138,1139,11,f,Total!!Population of one race!!Black or African American alone,0,4,Own
1139,1140,19,f,Total!!Population of one race!!Black or African American alone,1,4,Own
1140,1141,56,m,Total!!Population of one race!!Black or African American alone,0,2,Own
1141,1142,23,m,Total!!Population of one race!!Black or African American alone,0,4,Own
1142,1143,36,m,Total!!Population of one race!!Black or African American alone,0,1,Rent
1143,1144,70,m,Total!!Population of one race!!Black or African American alone,0,4,Own
1144,1145,51,m,Total!!Population of one race!!Black or African American alone,0,4,Rent
1145,1146,4,m,Total!!Population of one race!!Black or African American alone,0,1,Rent
1146,1147,34,m,Total!!Population of one race!!Black or African American alone,0,3,Own
1147,1148,12,m,Total!!Population of one race!!Black or African American alone,0,2,Own
1148,1149,38,f,Total!!Population of one race!!Black or African American alone,0,2,Own
1149,1150,43,m,Total!!Population of one race!!Black or African American alone,0,2,Rent
1150,1151,72,f,Total!!Population of one race!!Black or African American alone,0,2,Rent
1151,1152,0,f,Total!!Population of one race!!Black or African American alone,0,1,Rent
1152,1153,12,m,Total!!Population of one race!!Black or African American alone,0,2,Own
1153,1154,34,m,Total!!Population of one race!!Black or African American alone,0,1,Own
1154,1155,9,f,Total!!Population of one race!!Black or African American alone,0,2,Own
1155,1156,38,f,Total!!Population of one race!!Black or African American alone,0,2,Own
1156,1157,3,f,Total!!Population of one race!!Black or African American alone,0,3,Own
1157,1158,40,m,Total!!Population of one race!!Black or African American alone,0,4,Own
1158,1159,37,f,Total!!Population of one race!!Black or African American alone,0,2,Rent
1159,1160,19,f,Total!!Population of one race!!Black or African American alone,0,4,Own
1160,1161,37,m,Total!!Population of one race!!Black or African American alone,0,4,Own
1161,1162,42,f,Total!!Population of one race!!Black or African American alone,0,1,Rent
1162,1163,51,f,Total!!Population of one race!!Black or African American alone,0,4,Own
1163,1164,40,f,Total!!Population of one race!!Black or African American alone,0,4,Rent
1164,1165,38,m,Total!!Population of one race!!Black or African American alone,0,4,Own
1165,1166,9,f,Total!!Population of one race!!Black or African American alone,0,3,Own
1166,1167,0,f,Total!!Population of one race!!Black or African American alone,0,4,Own
1167,1168,52,f,Total!!Population of one race!!Black or African American alone,0,2,Rent
1168,1169,7,m,Total!!Population of one race!!Black or African American alone,0,4,Own
1169,1170,25,m,Total!!Population of one race!!Black or African American alone,0,1,Rent
1170,1171,41,f,Total!!Population of one race!!Black or African American alone,0,4,Own
1171,1172,39,m,Total!!Population of one race!!Black or African American alone,0,2,Own
1172,1173,53,f,Total!!Population of one race!!Black or African American alone,0,4,Own
1173,1174,33,m,Total!!Population of one race!!Black or African American alone,0,3,Own
1174,1175,86,m,Total!!Population of one race!!Black or African American alone,0,2,Own
1175,1176,32,f,Total!!Population of one race!!Black or African American alone,0,2,Own
1176,1177,69,m,Total!!Population of one race!!Black or African American alone,0,4,Own
1177,1178,41,m,Total!!Population of one race!!Black or African American alone,0,4,Own
1178,1179,14,f,Total!!Population of one race!!Black or African American alone,1,4,Rent
1179,1180,56,f,Total!!Population of one race!!Black or African American alone,0,2,Own
1180,1181,36,f,Total!!Population of one race!!Black or African American alone,1,4,Own
1181,1182,6,f,Total!!Population of one race!!Black or African American alone,0,1,Own
1182,1183,34,m,Total!!Population of one race!!Black or African American alone,0,4,Own
1183,1184,41,m,Total!!Population of one race!!Black or African American alone,0,1,Rent
1184,1185,58,m,Total!!Population of one race!!Black or African American alone,0,2,Rent
1185,1186,63,m,Total!!Population of one race!!Black or African American alone,0,2,Rent
1186,1187,43,m,Total!!Population of one race!!Black or African American alone,0,2,Rent
1187,1188,40,m,Total!!Population of one race!!Black or African American alone,0,4,Rent
1188,1189,57,m,Total!!Population of one race!!Black or African American alone,0,4,Own
1189,1190,2,m,Total!!Population of one race!!Black or African American alone,1,4,Own
1190,1191,11,m,Total!!Population of one race!!Black or African American alone,0,2,Rent
1191,1192,88,f,Total!!Population of one race!!Black or African American alone,0,4,Rent
1192,1193,55,f,Total!!Population of one race!!Black or African American alone,0,4,Own
1193,1194,34,m,Total!!Population of one race!!Black or African American alone,0,2,Rent
1194,1195,31,m,Total!!Population of one race!!Black or African American alone,0,4,Own
1195,1196,84,f,Total!!Population of one race!!Black or African American alone,0,3,Own
1196,1197,14,f,Total!!Population of one race!!Black or African American alone,0,2,Own
1197,1198,8,f,Total!!Population of one race!!Black or African American alone,0,2,Own
1198,1199,26,f,Total!!Population of one race!!Black or African American alone,0,4,Rent
1199,1200,30,m,Total!!Population of one race!!Black or African American alone,0,4,Own
1200,1201,50,m,Total!!Population of one race!!Black or African American alone,0,3,Own
1201,1202,2,m,Total!!Population of one race!!Black or African American alone,0,2,Own
1202,1203,47,m,Total!!Population of one race!!Black or African American alone,1,4,Own
1203,1204,32,f,Total!!Population of one race!!Black or African American alone,1,2,Rent
1204,1205,48,f,Total!!Population of one race!!Black or African American alone,0,4,Rent
1205,1206,1,m,Total!!Population of one race!!Black or African American alone,0,4,Rent
1206,1207,48,f,Total!!Population of one race!!Black or African American alone,0,2,Own
1207,1208,42,m,Total!!Population of one race!!Black or African American alone,0,4,Own
1208,1209,3,f,Total!!Population of one race!!Black or African American alone,0,2,Rent
1209,1210,38,f,Total!!Population of one race!!Black or African American alone,0,4,Own
1210,1211,36,f,Total!!Population of one race!!Black or African American alone,0,2,Rent
1211,1212,21,f,Total!!Population of one race!!Black or African American alone,0,3,Own
1212,1213,48,m,Total!!Population of one race!!Black or African American alone,0,4,Own
1213,1214,17,f,Total!!Population of one race!!Black or African American alone,0,1,Own
1214,1215,1,f,Total!!Population of one race!!Black or African American alone,0,4,Own
1215,1216,45,m,Total!!Population of one race!!Black or African American alone,0,3,Rent
1216,1217,1,f,Total!!Population of one race!!Black or African American alone,0,4,Own
1217,1218,0,f,Total!!Population of one race!!Black or African American alone,0,2,Own
1218,1219,2,m,Total!!Population of one race!!Black or African American alone,0,4,Rent
1219,1220,33,m,Total!!Population of one race!!Black or African American alone,0,4,Rent
1220,1221,45,m,Total!!Population of one race!!Black or African American alone,0,4,Own
1221,1222,61,f,Total!!Population of one race!!Black or African American alone,0,3,Own
1222,1223,5,m,Total!!Population of one race!!Black or African American alone,0,4,Own
1223,1224,55,m,Total!!Population of one race!!Black or African American alone,0,4,Own
1224,1225,8,f,Total!!Population of one race!!Black or African American alone,0,4,Own
1225,1226,38,m,Total!!Population of one race!!Black or African American alone,0,2,Own
1226,1227,33,f,Total!!Population of one race!!Black or African American alone,0,4,Own
1227,1228,43,m,Total!!Population of one race!!Black or African American alone,0,4,Rent
1228,1229,64,f,Total!!Population of one race!!Black or African American alone,0,2,Own
1229,1230,23,m,Total!!Population of one race!!Black or African American alone,1,2,Rent
1230,1231,27,m,Total!!Population of one race!!Black or African American alone,0,2,Own
1231,1232,48,f,Total!!Population of one race!!Black or African American alone,0,2,Own
1232,1233,38,m,Total!!Population of one race!!Black or African American alone,1,2,Own
1233,1234,31,m,Total!!Population of one race!!Black or African American alone,0,2,Own
1234,1235,29,f,Total!!Population of one race!!Black or African American alone,0,4,Own
1235,1236,46,f,Total!!Population of one race!!Black or African American alone,0,4,Own
1236,1237,39,f,Total!!Population of one race!!Black or African American alone,0,4,Own
1237,1238,13,f,Total!!Population of one race!!Black or African American alone,1,2,Own
1238,1239,26,f,Total!!Population of one race!!Black or African American alone,1,4,Own
1239,1240,43,m,Total!!Population of one race!!Black or African American alone,0,3,Own
1240,1241,84,f,Total!!Population of one race!!Asian alone,0,4,Own
1241,1242,39,m,Total!!Population of one race!!Asian alone,0,2,Own
1242,1243,48,m,Total!!Population of one race!!Asian alone,0,2,Own
1243,1244,84,f,Total!!Population of one race!!Asian alone,0,4,Own
1244,1245,75,f,Total!!Population of one race!!Asian alone,0,4,Own
1245,1246,57,m,Total!!Population of one race!!Asian alone,0,3,Rent
1246,1247,8,f,Total!!Population of one race!!Asian alone,0,4,Rent
1247,1248,42,f,Total!!Population of one race!!Asian alone,0,2,Own
1248,1249,66,f,Total!!Population of one race!!Asian alone,0,4,Own
1249,1250,19,m,Total!!Population of one race!!Asian alone,0,1,Own
1250,1251,58,m,Total!!Population of one race!!Asian alone,0,3,Own
1251,1252,73,m,Total!!Population of one race!!Asian alone,0,2,Rent
1252,1253,13,f,Total!!Population of one race!!Asian alone,0,1,Own
1253,1254,29,m,Total!!Population of one race!!Asian alone,0,3,Own
1254,1255,63,m,Total!!Population of one race!!Asian alone,0,1,Own
1255,1256,27,f,Total!!Population of one race!!Some Other Race alone,1,4,Own
1256,1257,46,m,Total!!Population of one race!!Some Other Race alone,1,3,Own
1257,1258,14,f,Total!!Population of one race!!Some Other Race alone,1,1,Own
1258,1259,51,m,Total!!Population of one race!!Some Other Race alone,1,4,Own
1259,1260,32,m,Total!!Population of one race!!Some Other Race alone,1,4,Rent
1260,1261,3,f,Total!!Population of one race!!Some Other Race alone,1,2,Own
1261,1262,59,m,Total!!Population of one race!!Some Other Race alone,1,3,Own
1262,1263,29,f,Total!!Population of one race!!Some Other Race alone,1,2,Own
1263,1264,7,m,Total!!Population of one race!!Some Other Race alone,1,4,Own
1264,1265,29,m,Total!!Population of one race!!Some Other Race alone,1,1,Own
1265,1266,11,f,Total!!Population of one race!!Some Other Race alone,1,3,Rent
1266,1267,0,m,Total!!Population of one race!!Some Other Race alone,1,2,Rent
1267,1268,50,m,Total!!Population of one race!!Some Other Race alone,1,4,Own
1268,1269,4,m,Total!!Population of one race!!Some Other Race alone,1,4,Own
1269,1270,7,m,Total!!Population of one race!!Some Other Race alone,1,3,Own
1270,1271,49,f,Total!!Population of one race!!Some Other Race alone,1,2,Rent
1271,1272,38,f,Total!!Population of one race!!Some Other Race alone,1,4,Own
1272,1273,43,f,Total!!Population of one race!!Some Other Race alone,1,4,Own
1273,1274,84,m,Total!!Population of one race!!Some Other Race alone,1,2,Rent
1274,1275,59,m,Total!!Population of one race!!Some Other Race alone,1,4,Own
1275,1276,58,f,Total!!Population of one race!!Some Other Race alone,1,4,Rent
1276,1277,6,m,Total!!Population of one race!!Some Other Race alone,1,1,Own
1277,1278,55,m,Total!!Population of one race!!Some Other Race alone,1,1,Rent
1278,1279,35,f,Total!!Population of one race!!Some Other Race alone,1,4,Own
1279,1280,29,f,Total!!Population of one race!!Some Other Race alone,1,2,Own
1280,1281,57,m,Total!!Population of one race!!Some Other Race alone,1,4,Own
1281,1282,40,m,Total!!Population of one race!!Some Other Race alone,1,2,Rent
1282,1283,33,m,Total!!Population of one race!!Some Other Race alone,1,4,Own
1283,1284,57,m,Total!!Population of one race!!Some Other Race alone,1,1,Own
1284,1285,9,f,Total!!Population of one race!!Some Other Race alone,1,3,Own
1285,1286,35,f,Total!!Population of one race!!Some Other Race alone,1,4,Rent
1286,1287,20,m,Total!!Population of one race!!Some Other Race alone,1,2,Own
1287,1288,59,m,Total!!Population of one race!!Some Other Race alone,1,3,Rent
1288,1289,42,f,Total!!Population of one race!!Some Other Race alone,1,4,Own
1289,1290,10,m,Total!!Population of one race!!Some Other Race alone,1,4,Own
1290,1291,44,f,Total!!Population of one race!!Some Other Race alone,1,4,Own
1291,1292,86,f,Total!!Population of one race!!Some Other Race alone,1,1,Own
1292,1293,54,f,Total!!Population of one race!!Some Other Race alone,1,4,Rent
1293,1294,4,m,Total!!Population of one race!!Some Other Race alone,1,3,Own
1294,1295,29,m,Total!!Population of one race!!Some Other Race alone,1,2,Rent
1295,1296,6,m,Total!!Population of one race!!Some Other Race alone,1,4,Own
1296,1297,27,f,Total!!Population of one race!!Some Other Race alone,1,4,Own
1297,1298,28,m,Total!!Population of one race!!Some Other Race alone,1,4,Own
1298,1299,72,f,Total!!Population of one race!!Some Other Race alone,1,4,Own
1299,1300,29,m,Total!!Population of one race!!Some Other Race alone,1,4,Own
1300,1301,29,m,Total!!Population of one race!!Some Other Race alone,1,2,Rent
1301,1302,12,f,Total!!Population of one race!!Some Other Race alone,1,3,Own
1302,1303,36,m,Total!!Population of one race!!Some Other Race alone,1,1,Own
1303,1304,70,m,Total!!Population of one race!!Some Other Race alone,1,4,Own
1304,1305,22,m,Total!!Population of one race!!Some Other Race alone,1,4,Own
1305,1306,40,f,Total!!Population of one race!!Some Other Race alone,1,2,Rent
1306,1307,34,m,Total!!Population of one race!!Some Other Race alone,1,1,Own
1307,1308,33,m,Total!!Population of one race!!Some Other Race alone,1,1,Rent
1308,1309,64,m,Total!!Population of one race!!Some Other Race alone,1,4,Own
1309,1310,14,f,Total!!Population of one race!!Some Other Race alone,1,4,Rent
1310,1311,45,f,Total!!Population of one race!!Some Other Race alone,1,4,Own
1311,1312,53,f,Total!!Population of one race!!Some Other Race alone,1,2,Own
1312,1313,77,m,Total!!Population of one race!!Some Other Race alone,1,4,Own
1313,1314,77,m,Total!!Population of one race!!Some Other Race alone,1,1,Own
1314,1315,22,m,Total!!Population of one race!!Some Other Race alone,1,3,Own
1315,1316,17,f,Total!!Population of one race!!Some Other Race alone,1,2,Rent
1316,1317,63,m,Total!!Population of one race!!Some Other Race alone,1,1,Own
1317,1318,41,m,Total!!Population of one race!!Some Other Race alone,1,2,Rent
1318,1319,63,f,Total!!Population of one race!!Some Other Race alone,1,2,Rent
1319,1320,70,f,Total!!Population of one race!!Some Other Race alone,1,4,Rent
1320,1321,62,m,Total!!Population of one race!!Some Other Race alone,1,4,Own
1321,1322,47,f,Total!!Population of one race!!Some Other Race alone,1,2,Own
1322,1323,63,f,Total!!Population of one race!!Some Other Race alone,1,1,Rent
1323,1324,45,m,Total!!Population of one race!!Some Other Race alone,1,4,Rent
1324,1325,31,m,Total!!Population of one race!!Some Other Race alone,1,2,Own
1325,1326,54,m,Total!!Population of one race!!Some Other Race alone,1,4,Own
1326,1327,23,m,Total!!Population of one race!!Some Other Race alone,1,2,Own
1327,1328,2,f,Total!!Population of one race!!Some Other Race alone,1,2,Own
1328,1329,31,f,Total!!Population of one race!!Some Other Race alone,1,3,Rent
1329,1330,26,m,Total!!Population of one race!!Some Other Race alone,1,2,Own
1330,1331,3,f,Total!!Population of one race!!Some Other Race alone,1,4,Own
1331,1332,46,f,Total!!Population of one race!!Some Other Race alone,1,3,Own
1332,1333,36,m,Total!!Population of one race!!Some Other Race alone,1,2,Own
1333,1334,39,f,Total!!Population of one race!!Some Other Race alone,1,4,Own
1334,1335,34,m,Total!!Population of one race!!Some Other Race alone,1,1,Own
1335,1336,14,f,Total!!Population of one race!!Some Other Race alone,1,3,Own
1336,1337,11,m,Total!!Population of one race!!Some Other Race alone,1,2,Own
1337,1338,40,f,Total!!Population of one race!!Some Other Race alone,1,2,Own
1338,1339,6,m,Total!!Population of one race!!Some Other Race alone,1,4,Own
1339,1340,54,f,Total!!Population of one race!!Some Other Race alone,1,2,Own
1340,1341,27,f,Total!!Population of one race!!Some Other Race alone,1,4,Own
1341,1342,10,m,Total!!Population of one race!!Some Other Race alone,1,3,Own
1342,1343,48,m,Total!!Population of one race!!Some Other Race alone,1,2,Own
1343,1344,60,m,Total!!Population of one race!!Some Other Race alone,1,4,Own
1344,1345,51,f,Total!!Population of one race!!Some Other Race alone,1,2,Rent
1345,1346,51,f,Total!!Population of one race!!Some Other Race alone,1,1,Own
1346,1347,43,m,Total!!Population of one race!!Some Other Race alone,1,3,Own
1347,1348,18,f,Total!!Population of one race!!Some Other Race alone,1,3,Rent
1348,1349,31,m,Total!!Population of one race!!Some Other Race alone,1,2,Own
1349,1350,31,f,Total!!Population of one race!!Some Other Race alone,1,4,Own
1350,1351,17,m,Total!!Population of one race!!Some Other Race alone,1,4,Own
1351,1352,70,f,Total!!Population of one race!!Some Other Race alone,1,3,Own
1352,1353,33,f,Total!!Population of one race!!Some Other Race alone,1,4,Own
1353,1354,47,f,Total!!Population of one race!!Some Other Race alone,1,4,Own
1354,1355,33,f,Total!!Population of one race!!Some Other Race alone,1,2,Own
1355,1356,21,f,Total!!Population of one race!!Some Other Race alone,1,4,Own
1356,1357,28,f,Total!!Population of one race!!Some Other Race alone,1,1,Rent
1357,1358,48,m,Total!!Population of one race!!Some Other Race alone,1,2,Own
1358,1359,59,m,Total!!Population of one race!!Some Other Race alone,1,2,Own
1359,1360,0,m,Total!!Population of one race!!Some Other Race alone,1,4,Own
1360,1361,83,m,Total!!Population of one race!!Some Other Race alone,1,4,Own
1361,1362,34,f,Total!!Population of one race!!Some Other Race alone,1,2,Own
1362,1363,1,f,Total!!Population of one race!!Some Other Race alone,1,2,Own
1363,1364,1,m,Total!!Population of one race!!Some Other Race alone,1,4,Own
1364,1365,48,m,Total!!Population of one race!!Some Other Race alone,1,2,Rent
1365,1366,84,m,Total!!Population of one race!!Some Other Race alone,1,4,Own
1366,1367,21,f,Total!!Population of one race!!Some Other Race alone,1,2,Own
1367,1368,13,f,Total!!Population of one race!!Some Other Race alone,1,3,Rent
1368,1369,9,f,Total!!Population of one race!!Some Other Race alone,1,3,Own
1369,1370,43,f,Total!!Population of one race!!Some Other Race alone,1,1,Own
1370,1371,42,f,Total!!Population of one race!!Some Other Race alone,1,4,Own
1371,1372,39,f,Total!!Population of one race!!Some Other Race alone,1,4,Own
1372,1373,34,m,Total!!Population of one race!!Some Other Race alone,1,3,Own
1373,1374,43,m,Total!!Population of one race!!Some Other Race alone,1,1,Own
1374,1375,16,f,Total!!Population of one race!!Some Other Race alone,1,2,Own
1375,1376,11,m,Total!!Population of one race!!Some Other Race alone,1,3,Own
1376,1377,62,f,Total!!Population of one race!!Some Other Race alone,1,3,Rent
1377,1378,11,f,Total!!Population of one race!!Some Other Race alone,1,3,Own
1378,1379,9,m,Total!!Population of one race!!Some Other Race alone,1,1,Rent
1379,1380,64,f,Total!!Population of one race!!Some Other Race alone,1,2,Rent
1380,1381,88,f,Total!!Population of one race!!Some Other Race alone,1,4,Own
1381,1382,39,f,Total!!Population of one race!!Some Other Race alone,1,2,Own
1382,1383,49,m,Total!!Population of one race!!Some Other Race alone,1,4,Own
1383,1384,42,m,Total!!Population of one race!!Some Other Race alone,1,2,Own
1384,1385,58,m,Total!!Population of one race!!Some Other Race alone,1,1,Own
1385,1386,69,m,Total!!Population of one race!!Some Other Race alone,1,2,Own
1386,1387,87,f,Total!!Two or More Races!!Population of two races!!White; Black or African American,0,4,Own
1387,1388,73,f,Total!!Two or More Races!!Population of two races!!White; Black or African American,0,1,Own
1388,1389,20,f,Total!!Two or More Races!!Population of two races!!White; Black or African American,0,4,Own
1389,1390,49,f,Total!!Two or More Races!!Population of two races!!White; Black or African American,0,2,Own
1390,1391,44,m,Total!!Two or More Races!!Population of two races!!White; Black or African American,0,1,Own
1391,1392,60,m,Total!!Two or More Races!!Population of two races!!White; Black or African American,0,4,Rent
1392,1393,45,f,Total!!Two or More Races!!Population of two races!!White; Black or African American,0,1,Rent
1393,1394,7,f,Total!!Two or More Races!!Population of two races!!White; Black or African American,0,4,Own
1394,1395,40,m,Total!!Two or More Races!!Population of two races!!White; Black or African American,0,1,Own
1395,1396,27,f,Total!!Two or More Races!!Population of two races!!White; Black or African American,0,4,Rent
1396,1397,34,m,Total!!Two or More Races!!Population of two races!!White; Black or African American,0,4,Rent
1397,1398,9,m,Total!!Two or More Races!!Population of two races!!White; Black or African American,0,3,Rent
1398,1399,31,m,Total!!Two or More Races!!Population of two races!!White; Black or African American,0,4,Rent
1399,1400,56,m,Total!!Two or More Races!!Population of two races!!White; Black or African American,0,1,Own
1400,1401,21,f,Total!!Two or More Races!!Population of two races!!White; Black or African American,0,4,Own
1401,1402,26,f,Total!!Two or More Races!!Population of two races!!White; Black or African American,0,2,Own
1402,1403,77,m,Total!!Two or More Races!!Population of two races!!White; Black or African American,0,2,Own
1403,1404,9,f,Total!!Two or More Races!!Population of two races!!White; Black or African American,0,2,Own
1404,1405,31,f,Total!!Two or More Races!!Population of two races!!White; Black or African American,0,4,Own
1405,1406,60,m,Total!!Two or More Races!!Population of two races!!White; Black or African American,0,3,Own
1406,1407,55,m,Total!!Two or More Races!!Population of two races!!White; Black or African American,0,1,Rent
1407,1408,23,f,Total!!Two or More Races!!Population of two races!!White; Black or African American,0,3,Own
1408,1409,59,m,Total!!Two or More Races!!Population of two races!!White; American Indian and Alaska Native,0,2,Rent
1409,1410,89,f,Total!!Two or More Races!!Population of two races!!White; American Indian and Alaska Native,0,1,Own
1410,1411,45,f,Total!!Two or More Races!!Population of two races!!White; American Indian and Alaska Native,0,4,Own
1411,1412,30,m,Total!!Two or More Races!!Population of two races!!White; American Indian and Alaska Native,0,4,Rent
1412,1413,27,f,Total!!Two or More Races!!Population of two races!!White; Some Other Race,0,3,Own
1413,1414,33,m,Total!!Two or More Races!!Population of two races!!White; Some Other Race,0,4,Own
1414,1415,16,f,Total!!Two or More Races!!Population of two races!!White; Some Other Race,0,4,Rent
1415,1416,69,m,Total!!Two or More Races!!Population of two races!!White; Some Other Race,0,4,Own
1416,1417,31,f,Total!!Two or More Races!!Population of two races!!White; Some Other Race,0,2,Own
1417,1418,37,m,Total!!Two or More Races!!Population of two races!!White; Some Other Race,0,4,Own
1418,1419,58,m,Total!!Two or More Races!!Population of two races!!White; Some Other Race,0,4,Rent
1419,1420,54,f,Total!!Two or More Races!!Population of two races!!White; Some Other Race,0,4,Own
1420,1421,4,f,Total!!Two or More Races!!Population of two races!!Black or African American; American Indian and Alaska Native,0,4,Own
1421,1422,36,f,Total!!Two or More Races!!Population of two races!!Black or African American; Some Other Race,0,1,Own
1422,1423,28,m,Total!!Two or More Races!!Population of two races!!Black or African American; Some Other Race,0,4,Own
1423,1424,87,m,Total!!Two or More Races!!Population of three races!!White; Black or African American; American Indian and Alaska Native,0,3,Own
1424,1425,55,f,Total!!Two or More Races!!Population of three races!!White; Black or African American; American Indian and Alaska Native,0,2,Own
1425,1426,41,m,Total!!Two or More Races!!Population of three races!!White; Black or African American; American Indian and Alaska Native,0,3,Own
1426,1427,84,f,Total!!Two or More Races!!Population of three races!!White; Black or African American; American Indian and Alaska Native,0,2,Own
1427,1428,57,m,Total!!Two or More Races!!Population of three races!!White; Black or African American; Some Other Race,0,1,Own
1428,1429,57,m,Total!!Two or More Races!!Population of three races!!White; American Indian and Alaska Native; Asian,0,2,Rent
